year,week,Brand Abbreviation,Adj.Close,Close,High,Low,Open,Volume,Brand Name,Year-Week,week increment,Adj.Close_Lag_1,pct_change,Date
2019,27,AAPL,49.96,50.81,51.07,50.47,50.7,72815700.0,Apple,2019-27,1,,,2019-07-07
2019,28,AAPL,49.63,50.48,50.75,50.13,50.38,81280560.0,Apple,2019-28,2,49.96,-0.0066052842273818715,2019-07-14
2019,29,AAPL,50.21,51.07,51.47,50.84,51.13,69913280.0,Apple,2019-29,3,49.63,0.011686479951642117,2019-07-21
2019,30,AAPL,51.1,51.97,52.21,51.6,51.81,69722560.0,Apple,2019-30,4,50.21,0.017725552678749264,2019-07-28
2019,31,AAPL,51.32,52.2,53.33,51.77,52.65,175816400.0,Apple,2019-31,5,51.1,0.00430528375733853,2019-08-04
2019,32,AAPL,48.9,49.69,50.13,48.96,49.56,138569120.0,Apple,2019-32,6,51.32,-0.04715510522213565,2019-08-11
2019,33,AAPL,50.36,51.02,51.65,50.29,50.58,128876480.0,Apple,2019-33,7,48.9,0.02985685071574644,2019-08-18
2019,34,AAPL,51.74,52.42,53.31,52.19,52.86,113524000.0,Apple,2019-34,8,50.36,0.027402700555996876,2019-08-25
2019,35,AAPL,51.02,51.7,52.06,51.29,51.82,87991680.0,Apple,2019-35,9,51.74,-0.01391573250869731,2019-09-01
2019,36,AAPL,51.91,52.59,52.8,52.22,52.55,82487100.0,Apple,2019-36,10,51.02,0.017444139553116297,2019-09-08
2019,37,AAPL,54.1,54.81,55.21,54.02,54.58,140293520.0,Apple,2019-37,11,51.91,0.04218840300520141,2019-09-15
2019,38,AAPL,54.39,55.1,55.51,54.7,55.11,113832400.0,Apple,2019-38,12,54.1,0.005360443622920502,2019-09-22
2019,39,AAPL,54.09,54.81,55.29,54.4,54.95,93156160.0,Apple,2019-39,13,54.39,-0.005515719801434035,2019-09-29
2019,40,AAPL,55.04,55.77,56.24,55.1,55.65,126897360.0,Apple,2019-40,14,54.09,0.01756332039193928,2019-10-06
2019,41,AAPL,56.5,57.24,57.69,56.77,57.0,117741120.0,Apple,2019-41,15,55.04,0.02652616279069769,2019-10-13
2019,42,AAPL,58.1,58.86,59.24,58.53,58.72,84541920.0,Apple,2019-42,16,56.5,0.028318584070796484,2019-10-20
2019,43,AAPL,59.9,60.69,60.9,60.14,60.42,77624400.0,Apple,2019-43,17,58.1,0.03098106712564539,2019-10-27
2019,44,AAPL,61.2,62.01,62.47,60.85,61.9,130844320.0,Apple,2019-44,18,59.9,0.021702838063439138,2019-11-03
2019,45,AAPL,63.81,64.57,64.72,64.1,64.43,84792160.0,Apple,2019-45,19,61.2,0.0426470588235294,2019-11-10
2019,46,AAPL,65.19,65.85,66.04,65.27,65.42,92266720.0,Apple,2019-46,20,63.81,0.02162670427832621,2019-11-17
2019,47,AAPL,65.36,66.02,66.43,65.6,66.28,91165040.0,Apple,2019-47,21,65.19,0.0026077619266758967,2019-11-24
2019,48,AAPL,65.94,66.61,66.85,66.01,66.36,75270300.0,Apple,2019-48,22,65.36,0.008873929008567906,2019-12-01
2019,49,AAPL,65.42,66.08,66.4,65.52,65.9,91319840.0,Apple,2019-49,23,65.94,-0.007885956930542858,2019-12-08
2019,50,AAPL,66.96,67.64,67.99,66.88,67.33,113623520.0,Apple,2019-50,24,65.42,0.023540201773157934,2019-12-15
2019,51,AAPL,69.27,69.97,70.41,69.62,69.91,146544000.0,Apple,2019-51,25,66.96,0.034498207885304694,2019-12-22
2019,52,AAPL,71.03,71.75,72.07,71.01,71.32,96609500.0,Apple,2019-52,26,69.27,0.025407824455031112,2019-12-29
2020,1,AAPL,73.19,73.93,74.22,72.9,73.3,131680800.0,Apple,2020-01,27,71.03,0.030409686048148622,2020-01-05
2020,2,AAPL,75.3,76.07,76.42,75.09,75.43,134018320.0,Apple,2020-02,28,73.19,0.028829075010247295,2020-01-12
2020,3,AAPL,77.96,78.75,79.23,78.0,78.5,130411120.0,Apple,2020-03,29,75.3,0.03532536520584325,2020-01-19
2020,4,AAPL,78.69,79.49,80.12,79.15,79.62,115921300.0,Apple,2020-04,30,77.96,0.009363776295536225,2020-01-26
2020,5,AAPL,78.42,79.22,80.24,78.27,79.43,173346960.0,Apple,2020-05,31,78.69,-0.0034311856652687257,2020-02-02
2020,6,AAPL,78.95,79.71,80.33,78.65,79.4,130507680.0,Apple,2020-06,32,78.42,0.006758479979597056,2020-02-09
2020,7,AAPL,80.29,80.91,81.24,80.01,80.41,98452720.0,Apple,2020-07,33,78.95,0.016972767574414228,2020-02-16
2020,8,AAPL,79.13,79.75,80.59,78.96,79.79,119158800.0,Apple,2020-08,34,80.29,-0.01444762735085329,2020-02-23
2020,9,AAPL,70.74,71.29,73.45,69.56,71.16,279682800.0,Apple,2020-09,35,79.13,-0.10602805509920385,2020-03-01
2020,10,AAPL,73.07,73.64,74.96,71.46,73.0,258760160.0,Apple,2020-10,36,70.74,0.03293751767034207,2020-03-08
2020,11,AAPL,67.14,67.66,69.78,65.26,66.96,323367920.0,Apple,2020-11,37,73.07,-0.08115505679485416,2020-03-15
2020,12,AAPL,60.32,60.79,63.57,59.31,61.19,324052720.0,Apple,2020-12,38,67.14,-0.10157879058683349,2020-03-22
2020,13,AAPL,60.68,61.15,62.45,59.23,60.72,276838000.0,Apple,2020-13,39,60.32,0.0059681697612732005,2020-03-29
2020,14,AAPL,61.34,61.82,62.88,60.82,61.8,167402160.0,Apple,2020-14,40,60.68,0.010876730388925572,2020-04-05
2020,15,AAPL,65.49,66.0,67.02,64.64,65.82,183929800.0,Apple,2020-15,41,61.34,0.06765568959895649,2020-04-12
2020,16,AAPL,70.17,70.71,71.17,69.19,70.14,165909440.0,Apple,2020-16,42,65.49,0.07146129180027497,2020-04-19
2020,17,AAPL,68.44,68.97,70.08,68.32,69.05,135877440.0,Apple,2020-17,43,70.17,-0.02465441071683061,2020-04-26
2020,18,AAPL,71.07,71.62,72.68,70.81,71.39,158010800.0,Apple,2020-18,44,68.44,0.038427819988310866,2020-05-03
2020,19,AAPL,74.72,75.26,75.67,74.3,74.68,134583200.0,Apple,2020-19,45,71.07,0.0513578162375124,2020-05-10
2020,20,AAPL,77.18,77.57,78.52,76.15,77.15,166829520.0,Apple,2020-20,46,74.72,0.03292291220556756,2020-05-17
2020,21,AAPL,78.76,79.15,79.73,78.55,78.97,106619760.0,Apple,2020-21,47,77.18,0.020471624773257296,2020-05-24
2020,22,AAPL,79.04,79.44,80.47,78.86,79.73,131406500.0,Apple,2020-22,48,78.76,0.003555104113763346,2020-05-31
2020,23,AAPL,80.8,81.21,81.47,80.12,80.55,99547200.0,Apple,2020-23,49,79.04,0.022267206477732678,2020-06-07
2020,24,AAPL,84.82,85.25,86.64,83.76,85.22,162365360.0,Apple,2020-24,50,80.8,0.049752475247524706,2020-06-14
2020,25,AAPL,86.97,87.41,88.21,86.14,87.3,155988080.0,Apple,2020-25,51,84.82,0.02534779533128986,2020-06-21
2020,26,AAPL,89.74,90.2,91.55,89.13,90.27,176600640.0,Apple,2020-26,52,86.97,0.03185006324019772,2020-06-28
2020,27,AAPL,90.47,90.92,91.62,89.93,90.39,123912000.0,Apple,2020-27,53,89.74,0.008134611098729708,2020-07-05
2020,28,AAPL,94.26,94.73,95.25,93.8,94.43,112814400.0,Apple,2020-28,54,90.47,0.041892340002210746,2020-07-12
2020,29,AAPL,96.14,96.62,98.2,95.47,96.93,143720160.0,Apple,2020-29,55,94.26,0.019944833439422823,2020-07-19
2020,30,AAPL,95.14,95.62,97.15,94.11,96.05,133081760.0,Apple,2020-30,56,96.14,-0.01040149781568546,2020-07-26
2020,31,AAPL,96.62,97.11,97.48,95.01,95.78,169527120.0,Apple,2020-31,57,95.14,0.015556022703384527,2020-08-02
2020,32,AAPL,110.22,110.74,112.18,109.05,110.06,200737840.0,Apple,2020-32,58,96.62,0.1407576071206789,2020-08-09
2020,33,AAPL,112.64,113.01,114.12,111.28,112.87,188379600.0,Apple,2020-33,59,110.22,0.021956087824351312,2020-08-16
2020,34,AAPL,117.33,117.7,118.5,115.71,116.28,167139040.0,Apple,2020-34,60,112.64,0.04163707386363635,2020-08-23
2020,35,AAPL,125.0,125.4,126.98,124.1,126.55,212727600.0,Apple,2020-35,61,117.33,0.06537117531748063,2020-08-30
2020,36,AAPL,126.88,127.29,131.26,122.98,128.98,233699720.0,Apple,2020-36,62,125.0,0.015039999999999963,2020-09-06
2020,37,AAPL,113.54,113.91,118.46,112.61,116.54,192860450.0,Apple,2020-37,63,126.88,-0.10513871374527103,2020-09-13
2020,38,AAPL,111.68,112.04,114.77,110.65,113.68,188917400.0,Apple,2020-38,64,113.54,-0.016381891844283947,2020-09-20
2020,39,AAPL,109.55,109.9,111.57,106.34,108.49,169442520.0,Apple,2020-39,65,111.68,-0.01907234957020066,2020-09-27
2020,40,AAPL,114.56,114.93,116.2,113.6,114.78,128112440.0,Apple,2020-40,66,109.55,0.04573254221816527,2020-10-04
2020,41,AAPL,114.97,115.34,116.34,113.89,115.15,109715020.0,Apple,2020-41,67,114.56,0.00357891061452511,2020-10-11
2020,42,AAPL,120.89,121.28,123.27,119.1,121.27,176314520.0,Apple,2020-42,68,114.97,0.05149169348525704,2020-10-18
2020,43,AAPL,115.86,116.23,118.54,115.32,117.33,103913920.0,Apple,2020-43,69,120.89,-0.04160807345520722,2020-10-25
2020,44,AAPL,113.04,113.41,115.64,111.69,113.6,136893420.0,Apple,2020-44,70,115.86,-0.024339720352149086,2020-11-01
2020,45,AAPL,114.05,114.38,115.32,112.28,113.84,121914360.0,Apple,2020-45,71,113.04,0.008934890304316975,2020-11-08
2020,46,AAPL,117.87,118.05,119.88,116.61,118.46,117915580.0,Apple,2020-46,72,114.05,0.03349408154318288,2020-11-15
2020,47,AAPL,118.56,118.74,119.86,117.84,118.66,77898680.0,Apple,2020-47,73,117.87,0.005853906846525814,2020-11-22
2020,48,AAPL,115.24,115.41,116.93,114.43,115.8,91256000.0,Apple,2020-48,74,118.56,-0.028002699055330697,2020-11-29
2020,49,AAPL,121.83,122.01,122.89,120.29,121.22,108761840.0,Apple,2020-49,75,115.24,0.057185005206525544,2020-12-06
2020,50,AAPL,122.93,123.11,124.43,121.41,122.83,90455740.0,Apple,2020-50,76,121.83,0.009028974800952216,2020-12-13
2020,51,AAPL,126.38,126.57,127.66,125.28,126.44,124373340.0,Apple,2020-51,77,122.93,0.02806475229805571,2020-12-20
2020,52,AAPL,130.56,130.76,132.15,128.74,130.03,108327550.0,Apple,2020-52,78,126.38,0.03307485361607855,2020-12-27
2020,53,AAPL,134.29,134.49,136.71,133.24,135.43,110275550.0,Apple,2020-53,79,130.56,0.028569240196078354,2021-01-03
2021,1,AAPL,129.8,130.0,132.13,127.93,130.18,122158240.0,Apple,2021-01,80,134.29,-0.03343510313500619,2021-01-10
2021,2,AAPL,128.75,128.94,130.51,127.92,129.21,96605820.0,Apple,2021-02,81,129.8,-0.00808936825885987,2021-01-17
2021,3,AAPL,133.75,133.95,135.18,131.03,131.63,107516425.0,Apple,2021-03,82,128.75,0.038834951456310676,2021-01-24
2021,4,AAPL,139.23,139.44,142.48,137.05,141.09,143329560.0,Apple,2021-04,83,133.75,0.04097196261682235,2021-01-31
2021,5,AAPL,135.28,135.44,136.46,133.92,135.78,87826640.0,Apple,2021-05,84,139.23,-0.028370322487969467,2021-02-07
2021,6,AAPL,135.76,135.76,136.75,134.53,135.88,69060340.0,Apple,2021-06,85,135.28,0.0035481963335303795,2021-02-14
2021,7,AAPL,130.9,130.9,132.24,129.62,131.55,90755075.0,Apple,2021-07,86,135.76,-0.03579846788450196,2021-02-21
2021,8,AAPL,123.89,123.89,126.66,121.59,124.8,137149760.0,Apple,2021-08,87,130.9,-0.053552330022918294,2021-02-28
2019,27,HNNMY,162.39,166.56,167.98,165.04,166.89,3058584.4,HM,2019-27,1,,,2019-07-07
2019,28,HNNMY,165.61,169.87,171.29,168.98,169.5,2685387.2,HM,2019-28,2,162.39,0.019828807192561287,2019-07-14
2019,29,HNNMY,164.33,168.55,169.86,167.47,168.9,1924573.8,HM,2019-29,3,165.61,-0.007729001871867647,2019-07-21
2019,30,HNNMY,164.85,169.09,170.51,167.97,169.04,1977083.8,HM,2019-30,4,164.33,0.0031643643887298836,2019-07-28
2019,31,HNNMY,165.1,169.34,171.29,167.36,169.14,2506360.4,HM,2019-31,5,164.85,0.0015165301789505613,2019-08-04
2019,32,HNNMY,162.92,167.1,168.63,165.45,166.13,2670134.25,HM,2019-32,6,165.1,-0.013204118715929782,2019-08-11
2019,33,HNNMY,164.06,168.28,171.0,166.38,168.74,3039431.4,HM,2019-33,7,162.92,0.006997299287994199,2019-08-18
2019,34,HNNMY,172.42,176.85,178.6,174.86,175.33,3703669.8,HM,2019-34,8,164.06,0.05095696696330602,2019-08-25
2019,35,HNNMY,180.16,184.79,186.48,181.9,183.57,4265338.0,HM,2019-35,9,172.42,0.044890383946177996,2019-09-01
2019,36,HNNMY,182.61,187.3,188.52,184.46,186.94,2671206.8,HM,2019-36,10,180.16,0.01359902309058624,2019-09-08
2019,37,HNNMY,185.29,190.05,191.66,188.1,190.3,3303759.8,HM,2019-37,11,182.61,0.014676085647007163,2019-09-15
2019,38,HNNMY,182.54,187.23,188.9,185.71,187.0,3437612.8,HM,2019-38,12,185.29,-0.0148415996545955,2019-09-22
2019,39,HNNMY,183.82,188.54,189.98,186.77,188.0,2475638.2,HM,2019-39,13,182.54,0.007012161717979627,2019-09-29
2019,40,HNNMY,185.19,189.94,193.56,187.07,191.13,6235121.8,HM,2019-40,14,183.82,0.007452943096507478,2019-10-06
2019,41,HNNMY,195.58,200.6,201.55,197.0,199.04,4218894.0,HM,2019-41,15,185.19,0.056104541281926754,2019-10-13
2019,42,HNNMY,200.74,205.9,207.35,203.8,204.61,3222450.8,HM,2019-42,16,195.58,0.026383065753144475,2019-10-20
2019,43,HNNMY,201.06,206.23,207.54,204.11,206.12,2121883.2,HM,2019-43,17,200.74,0.0015941018232539263,2019-10-27
2019,44,HNNMY,198.66,203.76,205.09,202.47,204.45,2066706.2,HM,2019-44,18,201.06,-0.011936735302894687,2019-11-03
2019,45,HNNMY,192.44,197.38,200.08,196.61,199.35,3779335.2,HM,2019-45,19,198.66,-0.031309775495822,2019-11-10
2019,46,HNNMY,186.88,186.88,188.76,185.35,187.86,3610980.2,HM,2019-46,20,192.44,-0.028892122219912712,2019-11-17
2019,47,HNNMY,182.41,182.41,184.03,181.06,182.69,3397499.2,HM,2019-47,21,186.88,-0.023919092465753418,2019-11-24
2019,48,HNNMY,183.99,183.99,185.31,182.46,183.37,2897452.8,HM,2019-48,22,182.41,0.008661805822049298,2019-12-01
2019,49,HNNMY,187.91,187.91,189.75,186.04,186.99,3785055.6,HM,2019-49,23,183.99,0.021305505734007215,2019-12-08
2019,50,HNNMY,192.24,192.24,193.89,190.08,192.6,3593515.4,HM,2019-50,24,187.91,0.023042946091213944,2019-12-15
2019,51,HNNMY,193.02,193.02,194.07,190.33,192.24,3277328.2,HM,2019-51,25,192.24,0.004057428214731591,2019-12-22
2019,52,HNNMY,192.98,192.98,193.49,191.65,192.59,1620521.0,HM,2019-52,26,193.02,-0.00020723241114920971,2019-12-29
2020,1,HNNMY,191.15,191.15,193.28,189.71,191.69,2052767.0,HM,2020-01,27,192.98,-0.009482847963519454,2020-01-05
2020,2,HNNMY,190.12,190.12,193.19,187.8,191.14,3678842.25,HM,2020-02,28,191.15,-0.005388438399162967,2020-01-12
2020,3,HNNMY,184.6,184.6,186.07,183.42,184.74,3111426.4,HM,2020-03,29,190.12,-0.029034294130023196,2020-01-19
2020,4,HNNMY,186.62,186.62,187.95,185.21,185.84,2402696.0,HM,2020-04,30,184.6,0.010942578548212407,2020-01-26
2020,5,HNNMY,196.62,196.62,198.65,193.33,194.92,6971279.4,HM,2020-05,31,186.62,0.053584824777622976,2020-02-02
2020,6,HNNMY,207.76,207.76,210.6,206.78,209.7,3218744.8,HM,2020-06,32,196.62,0.05665751195198854,2020-02-09
2020,7,HNNMY,203.8,203.8,204.91,201.18,203.3,4120459.6,HM,2020-07,33,207.76,-0.01906045437042732,2020-02-16
2020,8,HNNMY,203.45,203.45,205.25,202.14,203.61,2834646.8,HM,2020-08,34,203.8,-0.0017173699705594833,2020-02-23
2020,9,HNNMY,183.76,183.76,188.88,181.16,187.62,6465042.4,HM,2020-09,35,203.45,-0.09678053575817154,2020-03-01
2020,10,HNNMY,173.33,173.33,177.51,170.87,175.6,5738585.2,HM,2020-10,36,183.76,-0.05675881584675652,2020-03-08
2020,11,HNNMY,146.84,146.84,154.9,143.6,149.24,9003378.0,HM,2020-11,37,173.33,-0.15282986211273297,2020-03-15
2020,12,HNNMY,113.42,113.42,119.72,107.5,115.24,9841163.2,HM,2020-12,38,146.84,-0.22759466085535277,2020-03-22
2020,13,HNNMY,123.8,123.8,126.43,117.69,122.69,8344757.8,HM,2020-13,39,113.42,0.09151825074942686,2020-03-29
2020,14,HNNMY,120.48,120.48,126.48,118.59,124.68,11019118.8,HM,2020-14,40,123.8,-0.026817447495961173,2020-04-05
2020,15,HNNMY,133.67,133.67,137.16,128.45,131.12,7549406.5,HM,2020-15,41,120.48,0.10947875166002642,2020-04-12
2020,16,HNNMY,134.27,134.27,138.73,132.6,136.89,5823219.5,HM,2020-16,42,133.67,0.0044886661180520895,2020-04-19
2020,17,HNNMY,129.33,129.33,132.3,128.0,131.31,3818451.2,HM,2020-17,43,134.27,-0.036791539435465835,2020-04-26
2020,18,HNNMY,134.98,134.98,137.21,130.74,132.55,4802974.25,HM,2020-18,44,129.33,0.04368669295600384,2020-05-03
2020,19,HNNMY,128.96,128.96,131.54,126.92,129.66,6025136.6,HM,2020-19,45,134.98,-0.04459919988146379,2020-05-10
2020,20,HNNMY,125.2,125.2,128.67,123.4,127.09,5588819.6,HM,2020-20,46,128.96,-0.029156327543424357,2020-05-17
2020,21,HNNMY,129.54,129.54,130.87,125.76,127.95,4558716.0,HM,2020-21,47,125.2,0.03466453674121397,2020-05-24
2020,22,HNNMY,139.4,139.4,140.75,135.89,137.23,5912421.0,HM,2020-22,48,129.54,0.07611548556430457,2020-05-31
2020,23,HNNMY,156.78,156.78,158.01,151.62,153.14,6674583.4,HM,2020-23,49,139.4,0.12467718794835003,2020-06-07
2020,24,HNNMY,153.91,153.91,159.75,152.42,157.25,6897389.4,HM,2020-24,50,156.78,-0.018305906365607888,2020-06-14
2020,25,HNNMY,145.81,145.81,148.25,143.38,146.49,6122652.25,HM,2020-25,51,153.91,-0.052628159313884704,2020-06-21
2020,26,HNNMY,141.82,141.82,145.99,139.83,143.42,5522698.8,HM,2020-26,52,145.81,-0.027364378300528146,2020-06-28
2020,27,HNNMY,137.69,137.69,139.61,135.14,137.11,5758210.2,HM,2020-27,53,141.82,-0.02912142152023689,2020-07-05
2020,28,HNNMY,138.94,138.94,140.89,137.98,139.83,4374336.0,HM,2020-28,54,137.69,0.009078364441862155,2020-07-12
2020,29,HNNMY,137.48,137.48,139.07,136.0,137.99,4863263.0,HM,2020-29,55,138.94,-0.010508133007053461,2020-07-19
2020,30,HNNMY,135.65,135.65,136.84,134.39,135.7,3963169.0,HM,2020-30,56,137.48,-0.013311027058481119,2020-07-26
2020,31,HNNMY,135.71,135.71,137.75,133.65,135.84,4461895.2,HM,2020-31,57,135.65,0.00044231478068560467,2020-08-02
2020,32,HNNMY,138.33,138.33,139.83,136.51,138.34,4610027.2,HM,2020-32,58,135.71,0.01930587281703636,2020-08-09
2020,33,HNNMY,147.28,147.28,149.36,144.69,146.74,5479017.8,HM,2020-33,59,138.33,0.06470035422540293,2020-08-16
2020,34,HNNMY,140.51,140.51,142.3,139.39,141.29,3504781.2,HM,2020-34,60,147.28,-0.04596686583378606,2020-08-23
2020,35,HNNMY,142.51,142.51,143.92,140.89,142.31,3660615.0,HM,2020-35,61,140.51,0.014233862358550994,2020-08-30
2020,36,HNNMY,137.21,137.21,140.51,136.53,138.47,5098865.6,HM,2020-36,62,142.51,-0.03719037260543108,2020-09-06
2020,37,HNNMY,142.63,142.63,143.84,140.66,141.71,4119993.2,HM,2020-37,63,137.21,0.0395014940601996,2020-09-13
2020,38,HNNMY,155.97,155.97,158.57,154.02,156.22,9094390.8,HM,2020-38,64,142.63,0.09352871064993343,2020-09-20
2020,39,HNNMY,148.31,148.31,151.71,147.28,150.51,4792562.0,HM,2020-39,65,155.97,-0.049112008719625545,2020-09-27
2020,40,HNNMY,157.47,157.47,159.53,154.52,156.18,6470005.8,HM,2020-40,66,148.31,0.06176252444204704,2020-10-04
2020,41,HNNMY,162.76,162.76,164.69,161.56,163.57,3664624.8,HM,2020-41,67,157.47,0.03359370038737532,2020-10-11
2020,42,HNNMY,156.79,156.79,158.94,155.61,158.26,3455197.6,HM,2020-42,68,162.76,-0.03667977390022118,2020-10-18
2020,43,HNNMY,157.43,157.43,159.06,155.12,156.64,2994046.6,HM,2020-43,69,156.79,0.004081892977868581,2020-10-25
2020,44,HNNMY,146.29,146.29,148.86,144.04,147.32,4651669.2,HM,2020-44,70,157.43,-0.07076160833386276,2020-11-01
2020,45,HNNMY,149.98,149.98,150.61,145.76,147.65,3756788.0,HM,2020-45,71,146.29,0.025223870394422025,2020-11-08
2020,46,HNNMY,170.6,170.6,174.29,164.87,167.25,7449596.4,HM,2020-46,72,149.98,0.13748499799973335,2020-11-15
2020,47,HNNMY,173.54,173.54,174.79,169.96,171.33,4075981.0,HM,2020-47,73,170.6,0.01723329425556857,2020-11-22
2020,48,HNNMY,183.56,183.56,185.57,181.47,182.97,3921336.6,HM,2020-48,74,173.54,0.05773884983289161,2020-11-29
2020,49,HNNMY,185.11,185.11,185.88,182.61,183.86,3485066.8,HM,2020-49,75,183.56,0.008444105469601282,2020-12-06
2020,50,HNNMY,185.99,185.99,187.7,184.55,186.93,3897613.6,HM,2020-50,76,185.11,0.004753930095618797,2020-12-13
2020,51,HNNMY,177.95,177.95,181.19,176.31,178.93,4347238.2,HM,2020-51,77,185.99,-0.04322813054465305,2020-12-20
2020,52,HNNMY,171.03,171.03,171.72,168.68,170.23,2443338.0,HM,2020-52,78,177.95,-0.038887327901095746,2020-12-27
2020,53,HNNMY,173.28,173.28,175.17,171.4,172.72,2322505.0,HM,2020-53,79,171.03,0.013155586739168567,2021-01-03
2021,1,HNNMY,174.29,174.29,175.95,171.84,173.31,3007167.25,HM,2021-01,80,173.28,0.005828716528162459,2021-01-10
2021,2,HNNMY,177.72,177.72,179.79,175.78,177.2,2843000.6,HM,2021-02,81,174.29,0.019679843938263854,2021-01-17
2021,3,HNNMY,183.78,183.78,185.47,181.82,183.31,2586991.6,HM,2021-03,82,177.72,0.03409858203916274,2021-01-24
2021,4,HNNMY,181.37,181.37,186.48,177.12,182.92,6134574.4,HM,2021-04,83,183.78,-0.013113505278049824,2021-01-31
2021,5,HNNMY,180.36,180.36,182.27,178.39,179.88,3145570.0,HM,2021-05,84,181.37,-0.005568726911837629,2021-02-07
2021,6,HNNMY,179.91,179.91,181.9,178.54,180.72,2082238.4,HM,2021-06,85,180.36,-0.0024950099800400147,2021-02-14
2021,7,HNNMY,186.6,186.6,188.22,184.12,184.67,3039221.4,HM,2021-07,86,179.91,0.03718525929631481,2021-02-21
2021,8,HNNMY,196.21,196.21,198.45,192.18,193.28,3558917.6,HM,2021-08,87,186.6,0.051500535905680676,2021-02-28
2019,27,KO,49.09,51.95,52.03,51.45,51.68,9928900.0,Coca-Cola,2019-27,1,,,2019-07-07
2019,28,KO,49.05,51.91,52.12,51.71,51.99,9084960.0,Coca-Cola,2019-28,2,49.09,-0.0008148299042576135,2019-07-14
2019,29,KO,49.11,51.97,52.27,51.75,52.13,8708020.0,Coca-Cola,2019-29,3,49.05,0.0012232415902141136,2019-07-21
2019,30,KO,50.38,53.31,53.82,52.68,53.17,18345780.0,Coca-Cola,2019-30,4,49.11,0.025860313581755306,2019-07-28
2019,31,KO,50.02,52.94,53.61,52.69,53.27,13981200.0,Coca-Cola,2019-31,5,50.38,-0.007145692735212374,2019-08-04
2019,32,KO,49.93,52.84,53.3,52.14,52.71,15577300.0,Coca-Cola,2019-32,6,50.02,-0.0017992802878849141,2019-08-11
2019,33,KO,50.64,53.59,53.9,53.2,53.39,11788120.0,Coca-Cola,2019-33,7,49.93,0.014219907871019444,2019-08-18
2019,34,KO,51.2,54.18,54.64,53.9,54.37,10325540.0,Coca-Cola,2019-34,8,50.64,0.011058451816745701,2019-08-25
2019,35,KO,51.87,54.89,55.04,54.39,54.76,10163960.0,Coca-Cola,2019-35,9,51.2,0.013085937499999895,2019-09-01
2019,36,KO,52.31,55.35,55.61,54.99,55.38,11620000.0,Coca-Cola,2019-36,10,51.87,0.008482745324850681,2019-09-08
2019,37,KO,51.68,54.61,54.88,54.25,54.63,11287500.0,Coca-Cola,2019-37,11,52.31,-0.01204358631236862,2019-09-15
2019,38,KO,51.56,54.17,54.52,53.89,54.26,11798320.0,Coca-Cola,2019-38,12,51.68,-0.0023219814241485573,2019-09-22
2019,39,KO,51.65,54.26,54.53,54.01,54.33,8959560.0,Coca-Cola,2019-39,13,51.56,0.0017455391776570268,2019-09-29
2019,40,KO,51.5,54.11,54.48,53.55,54.08,12305340.0,Coca-Cola,2019-40,14,51.65,-0.002904162633107427,2019-10-06
2019,41,KO,51.06,53.65,54.02,53.46,53.89,8865280.0,Coca-Cola,2019-41,15,51.5,-0.008543689320388305,2019-10-13
2019,42,KO,51.18,53.77,54.09,53.53,53.81,11727620.0,Coca-Cola,2019-42,16,51.06,0.002350176263219691,2019-10-20
2019,43,KO,51.6,54.22,54.6,53.92,54.37,10340540.0,Coca-Cola,2019-43,17,51.18,0.008206330597889834,2019-10-27
2019,44,KO,51.26,53.85,54.17,53.5,53.85,9871640.0,Coca-Cola,2019-44,18,51.6,-0.006589147286821771,2019-11-03
2019,45,KO,50.04,52.57,53.06,52.31,52.94,13791060.0,Coca-Cola,2019-45,19,51.26,-0.023800234100663262,2019-11-10
2019,46,KO,49.73,52.25,52.42,52.01,52.32,10151160.0,Coca-Cola,2019-46,20,50.04,-0.006195043964828183,2019-11-17
2019,47,KO,50.51,53.06,53.34,52.82,53.0,11080240.0,Coca-Cola,2019-47,21,49.73,0.01568469736577521,2019-11-24
2019,48,KO,51.13,53.62,53.79,53.2,53.56,10250200.0,Coca-Cola,2019-48,22,50.51,0.012274797069887242,2019-12-01
2019,49,KO,51.87,54.09,54.14,53.59,53.87,12641540.0,Coca-Cola,2019-49,23,51.13,0.01447291218462732,2019-12-08
2019,50,KO,51.85,54.07,54.35,53.84,54.05,11213140.0,Coca-Cola,2019-50,24,51.87,-0.0003855793329476773,2019-12-15
2019,51,KO,52.17,54.41,54.74,54.19,54.52,14223780.0,Coca-Cola,2019-51,25,51.85,0.006171648987463843,2019-12-22
2019,52,KO,52.74,55.0,55.18,54.82,54.93,6446025.0,Coca-Cola,2019-52,26,52.17,0.01092581943645774,2019-12-29
2020,1,KO,52.81,55.07,55.3,54.72,55.01,9409125.0,Coca-Cola,2020-01,27,52.74,0.0013272658323852916,2020-01-05
2020,2,KO,52.58,54.83,55.1,54.62,54.77,12757260.0,Coca-Cola,2020-02,28,52.81,-0.004355235750804847,2020-01-12
2020,3,KO,54.2,56.52,56.72,56.13,56.3,14576400.0,Coca-Cola,2020-03,29,52.58,0.030810193990110396,2020-01-19
2020,4,KO,55.21,57.57,57.65,57.11,57.33,11572925.0,Coca-Cola,2020-04,30,54.2,0.01863468634686343,2020-01-26
2020,5,KO,55.38,57.75,58.18,57.33,57.71,16134900.0,Coca-Cola,2020-05,31,55.21,0.003079152327476937,2020-02-02
2020,6,KO,56.47,58.89,59.23,58.67,58.85,11454880.0,Coca-Cola,2020-06,32,55.38,0.0196821957385337,2020-02-09
2020,7,KO,57.21,59.66,59.86,59.35,59.51,8546780.0,Coca-Cola,2020-07,33,56.47,0.013104303169824721,2020-02-16
2020,8,KO,57.33,59.79,59.98,59.37,59.63,8695250.0,Coca-Cola,2020-08,34,57.21,0.0020975353959097613,2020-02-23
2020,9,KO,54.18,56.5,57.85,56.03,57.35,22162840.0,Coca-Cola,2020-09,35,57.33,-0.05494505494505492,2020-03-01
2020,10,KO,54.26,56.58,57.31,55.18,55.97,22725260.0,Coca-Cola,2020-10,36,54.18,0.0014765596160944683,2020-03-08
2020,11,KO,48.67,50.67,51.9,49.42,51.13,28723980.0,Coca-Cola,2020-11,37,54.26,-0.10302248433468479,2020-03-15
2020,12,KO,42.06,43.48,45.45,41.34,43.83,37933540.0,Coca-Cola,2020-12,38,48.67,-0.1358126155742757,2020-03-22
2020,13,KO,39.8,41.14,42.61,39.97,41.42,39541200.0,Coca-Cola,2020-13,39,42.06,-0.05373276271992404,2020-03-29
2020,14,KO,42.4,43.83,44.65,42.81,43.28,20517060.0,Coca-Cola,2020-14,40,39.8,0.06532663316582919,2020-04-05
2020,15,KO,45.95,47.5,48.36,46.46,47.24,20558500.0,Coca-Cola,2020-15,41,42.4,0.08372641509433973,2020-04-12
2020,16,KO,46.17,47.72,48.49,46.99,47.94,18346500.0,Coca-Cola,2020-16,42,45.95,0.004787812840043501,2020-04-19
2020,17,KO,44.13,45.62,46.58,45.23,46.23,18896520.0,Coca-Cola,2020-17,43,46.17,-0.044184535412605565,2020-04-26
2020,18,KO,44.91,46.43,47.25,46.01,46.76,17458740.0,Coca-Cola,2020-18,44,44.13,0.01767505098572386,2020-05-03
2020,19,KO,43.72,45.2,45.73,44.77,45.26,15652280.0,Coca-Cola,2020-19,45,44.91,-0.026497439323090576,2020-05-10
2020,20,KO,42.81,44.25,45.1,44.05,44.67,17946800.0,Coca-Cola,2020-20,46,43.72,-0.020814272644098734,2020-05-17
2020,21,KO,43.65,45.12,45.66,44.62,45.27,18492000.0,Coca-Cola,2020-21,47,42.81,0.01962158374211624,2020-05-24
2020,22,KO,45.12,46.65,47.17,46.26,46.97,27007800.0,Coca-Cola,2020-22,48,43.65,0.03367697594501716,2020-05-31
2020,23,KO,46.2,47.76,48.08,47.22,47.51,16376720.0,Coca-Cola,2020-23,49,45.12,0.02393617021276608,2020-06-07
2020,24,KO,46.24,47.72,48.6,47.44,48.46,20044020.0,Coca-Cola,2020-24,50,46.2,0.0008658008658008473,2020-06-14
2020,25,KO,45.42,46.53,47.21,45.84,46.6,17374800.0,Coca-Cola,2020-25,51,46.24,-0.017733564013840835,2020-06-21
2020,26,KO,43.83,44.91,45.57,44.6,45.36,17793620.0,Coca-Cola,2020-26,52,45.42,-0.03500660501981513,2020-06-28
2020,27,KO,43.62,44.69,45.09,44.27,44.62,17678025.0,Coca-Cola,2020-27,53,43.83,-0.004791238877481197,2020-07-05
2020,28,KO,43.84,44.91,45.25,44.31,44.84,14751140.0,Coca-Cola,2020-28,54,43.62,0.0050435580009171475,2020-07-12
2020,29,KO,45.0,46.1,46.48,45.58,45.89,16945860.0,Coca-Cola,2020-29,55,43.84,0.02645985401459846,2020-07-19
2020,30,KO,46.57,47.71,48.14,47.18,47.81,20856500.0,Coca-Cola,2020-30,56,45.0,0.03488888888888889,2020-07-26
2020,31,KO,46.78,47.92,48.46,47.61,47.95,15420880.0,Coca-Cola,2020-31,57,46.57,0.004509340777324476,2020-08-02
2020,32,KO,45.97,47.1,47.42,46.61,46.89,11766200.0,Coca-Cola,2020-32,58,46.78,-0.01731509191962382,2020-08-09
2020,33,KO,47.03,48.18,48.61,47.91,48.28,11588460.0,Coca-Cola,2020-33,59,45.97,0.02305851642375467,2020-08-16
2020,34,KO,46.59,47.73,48.15,47.49,47.85,12469040.0,Coca-Cola,2020-34,60,47.03,-0.00935573038486068,2020-08-23
2020,35,KO,47.26,48.42,48.58,47.81,48.04,10912320.0,Coca-Cola,2020-35,61,46.59,0.014380768405237058,2020-08-30
2020,36,KO,49.07,50.27,50.88,49.58,50.16,20148540.0,Coca-Cola,2020-36,62,47.26,0.038298772746508725,2020-09-06
2020,37,KO,49.07,50.27,50.92,49.74,50.32,16685200.0,Coca-Cola,2020-37,63,49.07,0.0,2020-09-13
2020,38,KO,49.9,50.71,51.17,50.46,50.78,15241540.0,Coca-Cola,2020-38,64,49.07,0.01691461177909106,2020-09-20
2020,39,KO,48.1,48.88,49.57,48.28,49.0,15412420.0,Coca-Cola,2020-39,65,49.9,-0.0360721442885771,2020-09-27
2020,40,KO,48.44,49.22,49.63,48.82,49.23,14117120.0,Coca-Cola,2020-40,66,48.1,0.007068607068606992,2020-10-04
2020,41,KO,49.03,49.83,50.16,49.41,49.68,10878680.0,Coca-Cola,2020-41,67,48.44,0.012180016515276702,2020-10-11
2020,42,KO,49.49,50.29,50.7,49.91,50.25,11973240.0,Coca-Cola,2020-42,68,49.03,0.00938201101366512,2020-10-18
2020,43,KO,49.41,50.21,50.78,49.97,50.41,13419800.0,Coca-Cola,2020-43,69,49.49,-0.001616488179430297,2020-10-25
2020,44,KO,47.97,48.75,49.31,48.24,48.94,15929720.0,Coca-Cola,2020-44,70,49.41,-0.029143897996356968,2020-11-01
2020,45,KO,48.42,49.21,49.86,48.98,49.36,13023860.0,Coca-Cola,2020-45,71,47.97,0.009380863039399685,2020-11-08
2020,46,KO,52.47,53.32,53.71,52.67,53.06,21604180.0,Coca-Cola,2020-46,72,48.42,0.08364312267657986,2020-11-15
2020,47,KO,52.34,53.19,53.77,52.68,53.52,15453980.0,Coca-Cola,2020-47,73,52.47,-0.0024776062511910704,2020-11-22
2020,48,KO,52.04,52.88,53.31,52.66,53.07,11428400.0,Coca-Cola,2020-48,74,52.34,-0.005731753916698591,2020-11-29
2020,49,KO,52.04,52.48,52.69,51.83,52.16,22505460.0,Coca-Cola,2020-49,75,52.04,0.0,2020-12-06
2020,50,KO,52.74,53.18,53.58,52.85,53.25,12588100.0,Coca-Cola,2020-50,76,52.04,0.013451191391237564,2020-12-13
2020,51,KO,52.99,53.44,53.88,53.1,53.48,20464700.0,Coca-Cola,2020-51,77,52.74,0.004740235115661737,2020-12-20
2020,52,KO,52.58,53.02,53.28,52.58,52.87,8730475.0,Coca-Cola,2020-52,78,52.99,-0.007737308926212562,2020-12-27
2020,53,KO,53.94,54.39,54.62,54.01,54.2,8494700.0,Coca-Cola,2020-53,79,52.58,0.02586534804108025,2021-01-03
2021,1,KO,50.88,51.3,52.13,50.72,51.74,33511820.0,Coca-Cola,2021-01,80,53.94,-0.0567296996662958,2021-01-10
2021,2,KO,49.27,49.68,50.19,49.48,49.99,23076760.0,Coca-Cola,2021-02,81,50.88,-0.031643081761006275,2021-01-17
2021,3,KO,48.26,48.66,48.97,48.38,48.72,21834450.0,Coca-Cola,2021-03,82,49.27,-0.02049928962857733,2021-01-24
2021,4,KO,48.38,48.78,49.24,48.36,48.79,17385480.0,Coca-Cola,2021-04,83,48.26,0.002486531288852146,2021-01-31
2021,5,KO,48.57,48.97,49.2,48.68,48.9,14195460.0,Coca-Cola,2021-05,84,48.38,0.003927242662257083,2021-02-07
2021,6,KO,49.63,50.04,50.44,49.77,50.12,18089560.0,Coca-Cola,2021-06,85,48.57,0.021824171299155905,2021-02-14
2021,7,KO,49.9,50.32,50.72,50.01,50.39,14150900.0,Coca-Cola,2021-07,86,49.63,0.00544025790852299,2021-02-21
2021,8,KO,49.79,50.21,50.85,49.83,50.38,16576020.0,Coca-Cola,2021-08,87,49.9,-0.002204408817635259,2021-02-28
2019,27,NKE,84.43,85.85,86.24,84.92,85.36,6057050.0,Nike,2019-27,1,,,2019-07-07
2019,28,NKE,86.81,88.27,88.77,87.32,87.71,5488100.0,Nike,2019-28,2,84.43,0.02818903233447821,2019-07-14
2019,29,NKE,86.46,87.91,88.78,87.66,88.47,5053500.0,Nike,2019-29,3,86.81,-0.004031793572169203,2019-07-21
2019,30,NKE,85.4,86.84,87.33,86.35,86.82,5417340.0,Nike,2019-30,4,86.46,-0.012260004626416703,2019-07-28
2019,31,NKE,83.61,85.02,86.61,84.52,85.87,6079980.0,Nike,2019-31,5,85.4,-0.020960187353630047,2019-08-04
2019,32,NKE,79.96,81.31,82.05,80.14,80.99,7020380.0,Nike,2019-32,6,83.61,-0.043655065183590545,2019-08-11
2019,33,NKE,79.81,81.16,81.93,80.25,80.97,6057600.0,Nike,2019-33,7,79.96,-0.0018759379689843858,2019-08-18
2019,34,NKE,80.28,81.63,82.58,80.89,81.94,6690920.0,Nike,2019-34,8,79.81,0.005888986342563574,2019-08-25
2019,35,NKE,82.19,83.53,84.16,82.61,83.18,4527900.0,Nike,2019-35,9,80.28,0.023791728948679577,2019-09-01
2019,36,NKE,85.81,87.03,87.23,86.1,86.32,5116425.0,Nike,2019-36,10,82.19,0.04404428762623196,2019-09-08
2019,37,NKE,86.22,87.45,88.42,86.82,87.9,5186060.0,Nike,2019-37,11,85.81,0.004777997902342344,2019-09-15
2019,38,NKE,86.24,87.46,88.21,86.91,87.58,4672920.0,Nike,2019-38,12,86.22,0.00023196474135926725,2019-09-22
2019,39,NKE,88.77,90.03,90.96,89.11,90.14,11430480.0,Nike,2019-39,13,86.24,0.029336734693877566,2019-09-29
2019,40,NKE,91.3,92.6,93.23,91.48,92.33,6622740.0,Nike,2019-40,14,88.77,0.028500619578686506,2019-10-06
2019,41,NKE,91.56,92.86,93.55,92.18,92.57,5804460.0,Nike,2019-41,15,91.3,0.002847754654983627,2019-10-13
2019,42,NKE,93.91,95.24,95.58,94.4,94.73,4689680.0,Nike,2019-42,16,91.56,0.0256662297946701,2019-10-20
2019,43,NKE,92.0,93.31,94.79,92.96,94.36,8564500.0,Nike,2019-43,17,93.91,-0.02033862208497494,2019-10-27
2019,44,NKE,88.55,89.81,90.69,89.32,90.31,7898500.0,Nike,2019-44,18,92.0,-0.03750000000000003,2019-11-03
2019,45,NKE,88.63,89.89,90.51,89.33,90.33,6490020.0,Nike,2019-45,19,88.55,0.0009034443817052321,2019-11-10
2019,46,NKE,89.75,91.03,91.84,90.22,90.61,5194260.0,Nike,2019-46,20,88.63,0.012636804693670367,2019-11-17
2019,47,NKE,91.96,93.27,94.09,92.55,93.41,5505380.0,Nike,2019-47,21,89.75,0.024623955431754805,2019-11-24
2019,48,NKE,92.21,93.47,94.15,93.16,93.76,4471575.0,Nike,2019-48,22,91.96,0.0027185732927359724,2019-12-01
2019,49,NKE,93.42,94.51,94.78,93.62,94.36,5446720.0,Nike,2019-49,23,92.21,0.013122221017243337,2019-12-08
2019,50,NKE,96.15,97.26,97.8,96.65,97.09,5016440.0,Nike,2019-50,24,93.42,0.029222864482980133,2019-12-15
2019,51,NKE,98.88,100.03,100.59,99.03,99.84,10490020.0,Nike,2019-51,25,96.15,0.028393135725428908,2019-12-22
2019,52,NKE,99.46,100.61,100.97,100.1,100.35,4674000.0,Nike,2019-52,26,98.88,0.005865695792880242,2019-12-29
2020,1,NKE,100.39,101.56,101.8,100.57,101.02,4223675.0,Nike,2020-01,27,99.46,0.009350492660366045,2020-01-05
2020,2,NKE,100.35,101.51,102.21,100.94,101.58,5283460.0,Nike,2020-02,28,100.39,-0.0003984460603646404,2020-01-12
2020,3,NKE,101.97,103.15,103.61,102.37,102.6,5772600.0,Nike,2020-03,29,100.35,0.01614349775784758,2020-01-19
2020,4,NKE,102.34,103.53,104.64,103.13,104.22,5207075.0,Nike,2020-04,30,101.97,0.0036285181916250325,2020-01-26
2020,5,NKE,97.86,99.0,100.25,98.0,99.35,7172740.0,Nike,2020-05,31,102.34,-0.043775649794801676,2020-02-02
2020,6,NKE,99.03,100.18,101.52,99.7,100.68,6431840.0,Nike,2020-06,32,97.86,0.011955855303494805,2020-02-09
2020,7,NKE,100.82,101.99,102.31,100.6,101.21,5370680.0,Nike,2020-07,33,99.03,0.01807533070786622,2020-02-16
2020,8,NKE,100.64,101.81,102.87,101.06,102.53,5823800.0,Nike,2020-08,34,100.82,-0.001785360047609528,2020-02-23
2020,9,NKE,90.75,91.75,94.2,90.7,92.2,11333220.0,Nike,2020-09,35,100.64,-0.0982710651828299,2020-03-01
2020,10,NKE,90.47,91.27,92.6,89.03,90.81,11392300.0,Nike,2020-10,36,90.75,-0.0030853994490358254,2020-03-08
2020,11,NKE,80.53,81.24,83.29,78.13,81.8,17119000.0,Nike,2020-11,37,90.47,-0.10987067536199843,2020-03-15
2020,12,NKE,67.9,68.49,72.28,63.42,67.23,17307340.0,Nike,2020-12,38,80.53,-0.15683596175338377,2020-03-22
2020,13,NKE,75.67,76.33,79.13,72.06,74.54,18995380.0,Nike,2020-13,39,67.9,0.11443298969072158,2020-03-29
2020,14,NKE,80.56,81.27,82.85,79.5,81.4,10309940.0,Nike,2020-14,40,75.67,0.06462270384564557,2020-04-05
2020,15,NKE,84.48,85.22,86.77,83.5,85.5,9037725.0,Nike,2020-15,41,80.56,0.0486593843098312,2020-04-12
2020,16,NKE,85.88,86.64,87.28,85.25,86.21,7402780.0,Nike,2020-16,42,84.48,0.016571969696969596,2020-04-19
2020,17,NKE,86.76,87.52,88.89,86.79,87.85,6019780.0,Nike,2020-17,43,85.88,0.010246856078248831,2020-04-26
2020,18,NKE,87.03,87.79,89.22,87.02,88.32,7400900.0,Nike,2020-18,44,86.76,0.0031120331950207007,2020-05-03
2020,19,NKE,87.32,88.08,88.78,87.15,87.76,6013600.0,Nike,2020-19,45,87.03,0.0033321843042628065,2020-05-10
2020,20,NKE,86.99,87.75,88.93,86.3,87.72,6779360.0,Nike,2020-20,46,87.32,-0.0037792029317452853,2020-05-17
2020,21,NKE,91.89,92.7,93.66,91.82,92.37,6586900.0,Nike,2020-21,47,86.99,0.05632831359926435,2020-05-24
2020,22,NKE,97.59,98.38,99.34,97.02,98.1,8173800.0,Nike,2020-22,48,91.89,0.06203068886712376,2020-05-31
2020,23,NKE,101.04,101.68,102.76,100.09,101.35,7620080.0,Nike,2020-23,49,97.59,0.03535198278512145,2020-06-07
2020,24,NKE,99.5,100.13,101.6,99.29,101.01,7027760.0,Nike,2020-24,50,101.04,-0.015241488519398319,2020-06-14
2020,25,NKE,97.45,98.06,99.81,96.74,98.56,6560320.0,Nike,2020-25,51,99.5,-0.020603015075376856,2020-06-21
2020,26,NKE,98.7,99.32,100.81,97.44,99.33,11695740.0,Nike,2020-26,52,97.45,0.012827090815802975,2020-06-28
2020,27,NKE,96.83,97.44,98.17,96.12,96.74,7444600.0,Nike,2020-27,53,98.7,-0.018946301925025374,2020-07-05
2020,28,NKE,97.56,98.17,99.1,97.0,98.38,5446360.0,Nike,2020-28,54,96.83,0.007538985851492347,2020-07-12
2020,29,NKE,96.45,97.06,98.14,96.43,97.49,5208060.0,Nike,2020-29,55,97.56,-0.011377613776137755,2020-07-19
2020,30,NKE,97.32,97.93,98.78,96.91,97.41,5189060.0,Nike,2020-30,56,96.45,0.009020217729393367,2020-07-26
2020,31,NKE,96.37,96.98,97.66,96.29,96.74,4899440.0,Nike,2020-31,57,97.32,-0.009761611179613529,2020-08-02
2020,32,NKE,99.16,99.78,100.32,98.27,98.92,5969120.0,Nike,2020-32,58,96.37,0.028950918335581527,2020-08-09
2020,33,NKE,105.08,105.74,106.76,104.26,105.29,6012180.0,Nike,2020-33,59,99.16,0.05970149253731345,2020-08-16
2020,34,NKE,107.08,107.76,108.34,106.61,107.24,5483220.0,Nike,2020-34,60,105.08,0.01903311762466692,2020-08-23
2020,35,NKE,110.95,111.6,112.37,110.67,111.38,5030760.0,Nike,2020-35,61,107.08,0.03614120283899892,2020-08-30
2020,36,NKE,113.3,113.76,115.1,111.94,113.79,5526240.0,Nike,2020-36,62,110.95,0.021180712032446997,2020-09-06
2020,37,NKE,114.64,115.1,116.88,113.45,114.24,6224000.0,Nike,2020-37,63,113.3,0.011827007943512829,2020-09-13
2020,38,NKE,117.16,117.63,119.31,117.16,117.86,7640240.0,Nike,2020-38,64,114.64,0.021981856245638486,2020-09-20
2020,39,NKE,120.78,121.27,122.79,119.08,121.27,16396980.0,Nike,2020-39,65,117.16,0.03089791737794473,2020-09-27
2020,40,NKE,125.39,125.9,127.02,124.38,125.54,7429880.0,Nike,2020-40,66,120.78,0.0381685709554562,2020-10-04
2020,41,NKE,128.74,129.26,130.29,128.16,128.94,5305560.0,Nike,2020-41,67,125.39,0.026716644070500107,2020-10-11
2020,42,NKE,128.15,128.66,130.02,127.58,128.95,4643100.0,Nike,2020-42,68,128.74,-0.004582880223706722,2020-10-18
2020,43,NKE,128.55,129.07,130.38,128.15,129.04,4158500.0,Nike,2020-43,69,128.15,0.003121342177136213,2020-10-25
2020,44,NKE,123.77,124.28,126.67,123.11,125.81,5953020.0,Nike,2020-44,70,128.55,-0.037183975106962384,2020-11-01
2020,45,NKE,126.07,126.58,127.77,125.27,126.16,4037420.0,Nike,2020-45,71,123.77,0.018582855296113737,2020-11-08
2020,46,NKE,127.33,127.85,130.54,126.93,129.67,6066320.0,Nike,2020-46,72,126.07,0.009994447529150513,2020-11-15
2020,47,NKE,131.24,131.77,132.51,129.97,131.65,5530560.0,Nike,2020-47,73,127.33,0.030707610146862567,2020-11-22
2020,48,NKE,134.11,134.65,135.7,133.56,134.91,5328600.0,Nike,2020-48,74,131.24,0.021868332825358154,2020-11-29
2020,49,NKE,135.48,135.97,136.69,134.55,135.54,5378920.0,Nike,2020-49,75,134.11,0.01021549474312114,2020-12-06
2020,50,NKE,138.05,138.33,139.43,137.24,138.3,4913820.0,Nike,2020-50,76,135.48,0.018969589607322274,2020-12-13
2020,51,NKE,138.08,138.36,140.16,137.37,139.29,9702560.0,Nike,2020-51,77,138.05,0.0002173125679101857,2020-12-20
2020,52,NKE,142.17,142.46,144.3,141.6,142.88,6915225.0,Nike,2020-52,78,138.08,0.029620509849362504,2020-12-27
2020,53,NKE,141.47,141.76,142.59,140.62,142.31,3328975.0,Nike,2020-53,79,142.17,-0.004923682914820206,2021-01-03
2021,1,NKE,142.71,143.0,144.13,140.87,142.29,5124380.0,Nike,2021-01,80,141.47,0.008765109210433372,2021-01-10
2021,2,NKE,143.14,143.43,145.27,142.48,144.31,4355880.0,Nike,2021-02,81,142.71,0.003013103496601348,2021-01-17
2021,3,NKE,140.47,140.76,142.53,139.72,141.22,4839100.0,Nike,2021-03,82,143.14,-0.018653066927483496,2021-01-24
2021,4,NKE,134.12,134.4,136.26,132.67,135.06,6507440.0,Nike,2021-04,83,140.47,-0.0452053819320851,2021-01-31
2021,5,NKE,139.65,139.93,140.52,137.65,138.6,5372400.0,Nike,2021-05,84,134.12,0.041231732776617964,2021-02-07
2021,6,NKE,142.37,142.66,144.1,141.84,143.46,4264900.0,Nike,2021-06,85,139.65,0.019477264590046537,2021-02-14
2021,7,NKE,142.91,143.2,144.7,140.99,143.27,5820825.0,Nike,2021-07,86,142.37,0.00379293390461468,2021-02-21
2021,8,NKE,135.53,135.75,138.26,133.94,137.23,7606860.0,Nike,2021-08,87,142.91,-0.0516408928696382,2021-02-28
2019,27,PEP,126.28,132.83,133.13,131.69,132.49,3248325.0,Pepsi,2019-27,1,,,2019-07-07
2019,28,PEP,126.7,133.27,134.08,132.12,133.34,5730920.0,Pepsi,2019-28,2,126.28,0.0033259423503326077,2019-07-14
2019,29,PEP,126.2,132.74,134.01,131.92,133.48,3984660.0,Pepsi,2019-29,3,126.7,-0.003946329913180742,2019-07-21
2019,30,PEP,123.68,130.09,131.04,129.15,130.18,4228640.0,Pepsi,2019-30,4,126.2,-0.019968304278922315,2019-07-28
2019,31,PEP,122.62,128.98,130.57,128.18,129.88,5086320.0,Pepsi,2019-31,5,123.68,-0.008570504527813732,2019-08-04
2019,32,PEP,121.06,127.34,128.8,125.44,127.47,5046400.0,Pepsi,2019-32,6,122.62,-0.012722231283640533,2019-08-11
2019,33,PEP,123.57,129.98,130.72,128.93,129.47,4069700.0,Pepsi,2019-33,7,121.06,0.02073352056831316,2019-08-18
2019,34,PEP,125.47,131.98,133.17,131.27,132.4,3184420.0,Pepsi,2019-34,8,123.57,0.015375900299425474,2019-08-25
2019,35,PEP,128.62,135.29,135.6,133.77,134.25,4380500.0,Pepsi,2019-35,9,125.47,0.025105602932972072,2019-09-01
2019,36,PEP,131.16,137.49,138.27,136.18,137.47,3559425.0,Pepsi,2019-36,10,128.62,0.019748095164049073,2019-09-08
2019,37,PEP,130.64,136.47,137.04,135.48,136.05,4279460.0,Pepsi,2019-37,11,131.16,-0.003964623360780804,2019-09-15
2019,38,PEP,129.48,135.25,136.08,134.51,135.51,3818060.0,Pepsi,2019-38,12,130.64,-0.008879363135333716,2019-09-22
2019,39,PEP,129.66,135.44,136.09,134.75,135.71,3918700.0,Pepsi,2019-39,13,129.48,0.0013901760889713224,2019-09-29
2019,40,PEP,131.46,137.32,138.65,135.91,137.23,5436220.0,Pepsi,2019-40,14,129.66,0.013882461823230075,2019-10-06
2019,41,PEP,131.91,137.79,138.64,137.12,137.89,3273180.0,Pepsi,2019-41,15,131.46,0.0034230944774074896,2019-10-13
2019,42,PEP,130.84,136.68,137.55,136.36,137.16,2901140.0,Pepsi,2019-42,16,131.91,-0.008111591236449042,2019-10-20
2019,43,PEP,131.1,136.95,137.52,136.32,137.02,2642720.0,Pepsi,2019-43,17,130.84,0.0019871598899418442,2019-10-27
2019,44,PEP,130.89,136.73,137.57,136.06,136.72,3192760.0,Pepsi,2019-44,18,131.1,-0.0016018306636156215,2019-11-03
2019,45,PEP,128.29,134.01,135.14,133.31,134.77,3418300.0,Pepsi,2019-45,19,130.89,-0.019864007945603137,2019-11-10
2019,46,PEP,127.28,132.96,133.42,132.22,133.12,2886180.0,Pepsi,2019-46,20,128.29,-0.007872788214202127,2019-11-17
2019,47,PEP,128.34,134.07,134.94,133.5,134.06,3218520.0,Pepsi,2019-47,21,127.28,0.00832809553739788,2019-11-24
2019,48,PEP,129.54,135.32,135.9,134.42,135.18,3503575.0,Pepsi,2019-48,22,128.34,0.009350163627863398,2019-12-01
2019,49,PEP,131.01,136.47,136.98,134.98,136.22,3932640.0,Pepsi,2019-49,23,129.54,0.011347846225104206,2019-12-08
2019,50,PEP,132.19,137.13,137.87,136.49,137.11,3444440.0,Pepsi,2019-50,24,131.01,0.009006946034653896,2019-12-15
2019,51,PEP,131.79,136.72,137.43,135.72,136.94,5903260.0,Pepsi,2019-51,25,132.19,-0.003025947499810921,2019-12-22
2019,52,PEP,132.1,137.04,137.61,136.46,137.13,2425550.0,Pepsi,2019-52,26,131.79,0.0023522270278473504,2019-12-29
2020,1,PEP,131.33,136.23,137.31,135.69,136.43,3509575.0,Pepsi,2020-01,27,132.1,-0.005828917486752323,2020-01-05
2020,2,PEP,129.98,134.84,135.71,134.43,135.24,4107760.0,Pepsi,2020-02,28,131.33,-0.010279448716972684,2020-01-12
2020,3,PEP,133.7,138.69,138.85,137.13,137.46,5235220.0,Pepsi,2020-03,29,129.98,0.028619787659639937,2020-01-19
2020,4,PEP,137.8,142.95,143.42,141.72,142.33,4128325.0,Pepsi,2020-04,30,133.7,0.03066566940912508,2020-01-26
2020,5,PEP,137.3,142.43,143.47,141.41,142.38,3775680.0,Pepsi,2020-05,31,137.8,-0.0036284470246734394,2020-02-02
2020,6,PEP,138.76,143.95,144.55,143.05,143.71,3537380.0,Pepsi,2020-06,32,137.3,0.010633648943918278,2020-02-09
2020,7,PEP,140.99,146.26,146.76,144.96,146.13,4092100.0,Pepsi,2020-07,33,138.76,0.016070913808013967,2020-02-16
2020,8,PEP,140.29,145.54,146.35,144.91,145.89,3748800.0,Pepsi,2020-08,34,140.99,-0.004964891127030406,2020-02-23
2020,9,PEP,133.82,138.82,142.43,137.79,141.11,8307940.0,Pepsi,2020-09,35,140.29,-0.046118754009551635,2020-03-01
2020,10,PEP,133.56,138.18,139.95,134.12,135.15,7640500.0,Pepsi,2020-10,36,133.82,-0.0019429083843968832,2020-03-08
2020,11,PEP,123.61,127.37,130.61,122.27,127.12,9851200.0,Pepsi,2020-11,37,133.56,-0.07449835280023961,2020-03-15
2020,12,PEP,113.16,116.6,123.99,111.93,118.38,12542620.0,Pepsi,2020-12,38,123.61,-0.08454008575357982,2020-03-22
2020,13,PEP,111.07,114.45,118.02,110.77,111.99,11017720.0,Pepsi,2020-13,39,113.16,-0.01846942382467306,2020-03-29
2020,14,PEP,118.82,122.43,124.88,119.13,120.85,6523060.0,Pepsi,2020-14,40,111.07,0.06977581705230936,2020-04-05
2020,15,PEP,128.08,131.97,133.9,129.05,130.78,6309900.0,Pepsi,2020-15,41,118.82,0.07793300791112624,2020-04-12
2020,16,PEP,131.5,135.5,136.9,132.85,135.35,5053460.0,Pepsi,2020-16,42,128.08,0.02670206121174256,2020-04-19
2020,17,PEP,128.64,132.55,134.59,131.4,132.98,4406060.0,Pepsi,2020-17,43,131.5,-0.0217490494296579,2020-04-26
2020,18,PEP,129.38,133.31,135.05,132.28,134.3,5732240.0,Pepsi,2020-18,44,128.64,0.005752487562189126,2020-05-03
2020,19,PEP,127.94,131.83,132.81,130.67,131.6,4550920.0,Pepsi,2020-19,45,129.38,-0.011130004637501915,2020-05-10
2020,20,PEP,129.91,133.86,135.65,132.08,133.57,7706920.0,Pepsi,2020-20,46,127.94,0.015397842738783796,2020-05-17
2020,21,PEP,127.95,131.84,133.5,131.12,132.88,6329840.0,Pepsi,2020-21,47,129.91,-0.015087368177969315,2020-05-24
2020,22,PEP,127.23,131.1,131.96,129.6,131.22,7394525.0,Pepsi,2020-22,48,127.95,-0.005627198124267283,2020-05-31
2020,23,PEP,128.78,132.29,133.82,131.17,132.1,5420660.0,Pepsi,2020-23,49,127.23,0.012182661322015224,2020-06-07
2020,24,PEP,128.35,131.23,133.17,130.07,131.97,6942060.0,Pepsi,2020-24,50,128.78,-0.0033390277993477777,2020-06-14
2020,25,PEP,128.7,131.59,133.0,130.0,131.74,5143140.0,Pepsi,2020-25,51,128.35,0.002726918582002293,2020-06-21
2020,26,PEP,127.6,130.46,131.92,129.14,130.7,4734740.0,Pepsi,2020-26,52,128.7,-0.008547008547008503,2020-06-28
2020,27,PEP,129.23,132.14,133.0,131.19,132.02,3800700.0,Pepsi,2020-27,53,127.6,0.01277429467084636,2020-07-05
2020,28,PEP,130.72,133.65,134.42,132.13,132.96,4476460.0,Pepsi,2020-28,54,129.23,0.011529830534705635,2020-07-12
2020,29,PEP,131.58,134.53,136.13,133.71,135.08,5661100.0,Pepsi,2020-29,55,130.72,0.006578947368421157,2020-07-19
2020,30,PEP,132.36,135.34,136.63,134.11,135.55,4177880.0,Pepsi,2020-30,56,131.58,0.005927952576379397,2020-07-26
2020,31,PEP,134.64,137.67,138.25,136.13,137.08,3539180.0,Pepsi,2020-31,57,132.36,0.017225747960108586,2020-08-02
2020,32,PEP,133.6,136.6,137.26,135.69,136.8,2936340.0,Pepsi,2020-32,58,134.64,-0.0077243018419488425,2020-08-09
2020,33,PEP,133.9,136.91,137.96,135.91,136.77,3126600.0,Pepsi,2020-33,59,133.6,0.0022455089820360135,2020-08-16
2020,34,PEP,134.12,137.13,138.02,136.21,137.37,3148380.0,Pepsi,2020-34,60,133.9,0.001643017176997751,2020-08-23
2020,35,PEP,135.31,138.35,138.92,136.87,137.71,3861920.0,Pepsi,2020-35,61,134.12,0.00887265135699372,2020-08-30
2020,36,PEP,137.45,140.13,141.93,138.38,140.3,4729480.0,Pepsi,2020-36,62,135.31,0.015815534698100556,2020-09-06
2020,37,PEP,133.78,135.81,137.76,134.48,136.41,4661550.0,Pepsi,2020-37,63,137.45,-0.026700618406693254,2020-09-13
2020,38,PEP,132.38,134.39,136.14,133.54,135.28,4774540.0,Pepsi,2020-38,64,133.78,-0.010464942442816608,2020-09-20
2020,39,PEP,129.93,131.9,132.63,130.02,131.28,4631240.0,Pepsi,2020-39,65,132.38,-0.018507327390844455,2020-09-27
2020,40,PEP,136.45,138.52,139.61,136.68,138.28,6098560.0,Pepsi,2020-40,66,129.93,0.05018086662048781,2020-10-04
2020,41,PEP,135.33,137.39,138.42,136.51,137.61,4013900.0,Pepsi,2020-41,67,136.45,-0.00820813484792947,2020-10-11
2020,42,PEP,140.14,142.27,143.28,141.01,141.96,4496840.0,Pepsi,2020-42,68,135.33,0.03554274735830912,2020-10-18
2020,43,PEP,137.55,139.63,140.99,139.16,140.41,2840320.0,Pepsi,2020-43,69,140.14,-0.018481518481518303,2020-10-25
2020,44,PEP,133.7,135.73,137.23,134.52,136.23,4035660.0,Pepsi,2020-44,70,137.55,-0.027989821882951817,2020-11-01
2020,45,PEP,135.24,137.3,139.31,136.5,137.83,3506280.0,Pepsi,2020-45,71,133.7,0.011518324607329997,2020-11-08
2020,46,PEP,140.39,142.52,143.99,140.4,141.97,4187220.0,Pepsi,2020-46,72,135.24,0.03808044957113263,2020-11-15
2020,47,PEP,142.07,144.22,145.45,143.49,144.26,3678160.0,Pepsi,2020-47,73,140.39,0.011966664292328563,2020-11-22
2020,48,PEP,141.8,143.95,144.55,143.15,143.89,2947475.0,Pepsi,2020-48,74,142.07,-0.0019004715985076498,2020-11-29
2020,49,PEP,143.28,145.04,145.83,143.63,144.45,4337900.0,Pepsi,2020-49,75,141.8,0.010437235543018262,2020-12-06
2020,50,PEP,144.09,145.24,146.04,144.2,145.25,3728720.0,Pepsi,2020-50,76,143.28,0.005653266331658307,2020-12-13
2020,51,PEP,144.15,145.31,146.1,144.5,145.07,4868880.0,Pepsi,2020-51,77,144.09,0.00041640641265877073,2020-12-20
2020,52,PEP,143.58,144.72,145.34,143.79,144.73,2532250.0,Pepsi,2020-52,78,144.15,-0.003954214360041576,2020-12-27
2020,53,PEP,146.32,147.49,148.21,146.51,147.1,2495475.0,Pepsi,2020-53,79,143.58,0.01908343780470804,2021-01-03
2021,1,PEP,142.57,143.71,144.82,141.85,143.61,5048280.0,Pepsi,2021-01,80,146.32,-0.025628758884636414,2021-01-10
2021,2,PEP,140.73,141.85,142.92,140.75,141.94,4489620.0,Pepsi,2021-02,81,142.57,-0.012905940941292021,2021-01-17
2021,3,PEP,139.29,140.4,141.17,139.58,140.8,4969225.0,Pepsi,2021-03,82,140.73,-0.01023235983798762,2021-01-24
2021,4,PEP,138.05,139.16,140.8,137.73,139.36,5404680.0,Pepsi,2021-04,83,139.29,-0.008902290185942859,2021-01-31
2021,5,PEP,137.7,138.8,139.66,137.41,138.08,3935020.0,Pepsi,2021-05,84,138.05,-0.002535313292285568,2021-02-07
2021,6,PEP,136.22,137.31,139.58,136.71,139.31,5489080.0,Pepsi,2021-06,85,137.7,-0.010748002904865576,2021-02-14
2021,7,PEP,133.12,134.18,135.17,133.36,134.42,4470800.0,Pepsi,2021-07,86,136.22,-0.022757304360593117,2021-02-21
2021,8,PEP,130.17,131.21,132.44,130.33,131.69,6206500.0,Pepsi,2021-08,87,133.12,-0.022160456730769357,2021-02-28
2019,27,SBUX,83.57,86.41,86.56,85.35,85.73,6923150.0,Starbucks,2019-27,1,,,2019-07-07
2019,28,SBUX,85.47,88.38,88.65,87.72,88.05,5765460.0,Starbucks,2019-28,2,83.57,0.02273543137489537,2019-07-14
2019,29,SBUX,87.48,90.46,90.87,89.83,90.38,6712820.0,Starbucks,2019-29,3,85.47,0.023517023517023578,2019-07-21
2019,30,SBUX,89.32,92.35,92.91,90.92,91.91,9517340.0,Starbucks,2019-30,4,87.48,0.021033379058070293,2019-07-28
2019,31,SBUX,92.89,96.05,97.5,95.32,96.44,8613780.0,Starbucks,2019-31,5,89.32,0.03996865203761764,2019-08-04
2019,32,SBUX,92.44,95.37,96.04,94.17,94.96,7080440.0,Starbucks,2019-32,6,92.89,-0.004844439659812712,2019-08-11
2019,33,SBUX,92.91,95.7,96.56,94.77,95.6,6966100.0,Starbucks,2019-33,7,92.44,0.0050843790566854055,2019-08-18
2019,34,SBUX,93.16,95.96,97.03,95.53,96.57,6019460.0,Starbucks,2019-34,8,92.91,0.0026907760198041117,2019-08-25
2019,35,SBUX,93.96,96.78,97.4,96.04,96.86,5403000.0,Starbucks,2019-35,9,93.16,0.008587376556461971,2019-09-01
2019,36,SBUX,93.24,96.04,96.71,94.94,95.8,6898475.0,Starbucks,2019-36,10,93.96,-0.007662835249042134,2019-09-08
2019,37,SBUX,88.93,91.61,93.35,90.95,92.82,8251060.0,Starbucks,2019-37,11,93.24,-0.0462247962247961,2019-09-15
2019,38,SBUX,87.91,90.55,91.49,89.89,90.65,6620100.0,Starbucks,2019-38,12,88.93,-0.011469695265939618,2019-09-22
2019,39,SBUX,87.23,89.85,91.0,89.15,90.6,5194620.0,Starbucks,2019-39,13,87.91,-0.007735183710613043,2019-09-29
2019,40,SBUX,83.46,85.97,86.87,85.32,86.44,7004780.0,Starbucks,2019-40,14,87.23,-0.043219076005961365,2019-10-06
2019,41,SBUX,83.28,85.79,86.4,85.42,85.9,4901500.0,Starbucks,2019-41,15,83.46,-0.002156721782889919,2019-10-13
2019,42,SBUX,83.9,86.42,87.11,85.98,86.65,4453080.0,Starbucks,2019-42,16,83.28,0.007444764649375655,2019-10-20
2019,43,SBUX,81.18,83.62,84.62,83.18,84.31,5518260.0,Starbucks,2019-43,17,83.9,-0.032419547079856954,2019-10-27
2019,44,SBUX,81.49,83.94,85.37,83.24,84.88,9150220.0,Starbucks,2019-44,18,81.18,0.00381867455038172,2019-11-03
2019,45,SBUX,79.79,82.19,83.02,81.64,82.59,7193420.0,Starbucks,2019-45,19,81.49,-0.020861455393299654,2019-11-10
2019,46,SBUX,81.54,83.66,84.05,82.91,83.3,6921120.0,Starbucks,2019-46,20,79.79,0.021932573004135855,2019-11-17
2019,47,SBUX,81.29,83.32,84.06,82.84,83.59,6614040.0,Starbucks,2019-47,21,81.54,-0.00306597988717194,2019-11-24
2019,48,SBUX,82.81,84.88,85.3,84.15,84.51,6115325.0,Starbucks,2019-48,22,81.29,0.018698486898757485,2019-12-01
2019,49,SBUX,83.04,85.11,85.66,84.34,85.0,6417300.0,Starbucks,2019-49,23,82.81,0.002777442337881946,2019-12-08
2019,50,SBUX,85.03,87.16,87.73,86.57,87.02,7405520.0,Starbucks,2019-50,24,83.04,0.02396435452793828,2019-12-15
2019,51,SBUX,86.22,88.38,88.94,87.84,88.6,8031060.0,Starbucks,2019-51,25,85.03,0.013995060566858728,2019-12-22
2019,52,SBUX,86.09,88.24,88.67,87.92,88.42,3626125.0,Starbucks,2019-52,26,86.22,-0.0015077708188354843,2019-12-29
2020,1,SBUX,86.23,88.38,88.66,87.63,88.06,5029775.0,Starbucks,2020-01,27,86.09,0.0016262051341619302,2020-01-05
2020,2,SBUX,86.94,89.11,89.57,88.42,89.01,7152440.0,Starbucks,2020-02,28,86.23,0.0082337933433839,2020-01-12
2020,3,SBUX,89.72,91.96,92.32,91.3,91.55,6305220.0,Starbucks,2020-03,29,86.94,0.03197607545433634,2020-01-19
2020,4,SBUX,90.45,92.71,93.83,91.68,92.97,6792025.0,Starbucks,2020-04,30,89.72,0.008136424431564914,2020-01-26
2020,5,SBUX,84.83,86.94,87.93,86.02,87.41,12917280.0,Starbucks,2020-05,31,90.45,-0.062133775566611434,2020-02-02
2020,6,SBUX,85.02,86.9,87.86,85.96,86.9,9209540.0,Starbucks,2020-06,32,84.83,0.0022397736649769863,2020-02-09
2020,7,SBUX,86.81,88.56,89.17,87.63,88.14,6879820.0,Starbucks,2020-07,33,85.02,0.021053869677722964,2020-02-16
2020,8,SBUX,87.07,88.83,89.64,88.08,89.15,5567325.0,Starbucks,2020-08,34,86.81,0.00299504665361123,2020-02-23
2020,9,SBUX,79.22,80.82,82.86,79.93,81.43,12900020.0,Starbucks,2020-09,35,87.07,-0.09015734466521184,2020-03-01
2020,10,SBUX,76.88,78.44,79.77,76.2,78.17,13655920.0,Starbucks,2020-10,36,79.22,-0.02953799545569305,2020-03-08
2020,11,SBUX,67.83,69.2,72.04,66.5,68.91,19180020.0,Starbucks,2020-11,37,76.88,-0.11771592091571277,2020-03-15
2020,12,SBUX,57.51,58.67,62.05,54.64,58.85,26151620.0,Starbucks,2020-12,38,67.83,-0.1521450685537373,2020-03-22
2020,13,SBUX,63.41,64.7,66.41,61.91,64.01,23223440.0,Starbucks,2020-13,39,57.51,0.10259085376456266,2020-03-29
2020,14,SBUX,63.57,64.85,66.95,63.06,65.39,16008280.0,Starbucks,2020-14,40,63.41,0.002523261315250019,2020-04-05
2020,15,SBUX,69.09,70.49,71.75,67.86,69.65,15499350.0,Starbucks,2020-15,41,63.57,0.08683341198678626,2020-04-12
2020,16,SBUX,72.26,73.72,74.45,72.01,73.79,11792300.0,Starbucks,2020-16,42,69.09,0.045882182660298185,2020-04-19
2020,17,SBUX,73.75,75.24,76.54,73.94,75.41,11071960.0,Starbucks,2020-17,43,72.26,0.020619983393301893,2020-04-26
2020,18,SBUX,75.24,76.76,77.98,75.72,77.05,14407620.0,Starbucks,2020-18,44,73.75,0.020203389830508404,2020-05-03
2020,19,SBUX,73.02,74.32,75.3,73.23,74.47,12784200.0,Starbucks,2020-19,45,75.24,-0.029505582137161073,2020-05-10
2020,20,SBUX,73.38,74.44,75.72,73.28,74.44,10101700.0,Starbucks,2020-20,46,73.02,0.0049301561216105105,2020-05-17
2020,21,SBUX,76.0,77.1,78.0,76.58,77.4,8230760.0,Starbucks,2020-21,47,73.38,0.035704551648950734,2020-05-24
2020,22,SBUX,77.11,78.22,79.4,77.54,78.96,8776975.0,Starbucks,2020-22,48,76.0,0.014605263157894729,2020-05-31
2020,23,SBUX,78.18,79.31,79.87,78.06,78.74,9419620.0,Starbucks,2020-23,49,77.11,0.013876280638049635,2020-06-07
2020,24,SBUX,77.65,78.78,80.08,77.62,79.27,16573040.0,Starbucks,2020-24,50,78.18,-0.006779227423893593,2020-06-14
2020,25,SBUX,75.63,76.72,77.86,75.57,76.98,10693220.0,Starbucks,2020-25,51,77.65,-0.02601416613007096,2020-06-21
2020,26,SBUX,72.93,73.99,74.96,72.88,74.6,10974840.0,Starbucks,2020-26,52,75.63,-0.03570011900039652,2020-06-28
2020,27,SBUX,72.67,73.72,74.29,72.72,73.51,8317850.0,Starbucks,2020-27,53,72.93,-0.00356506238859187,2020-07-05
2020,28,SBUX,73.28,74.34,74.8,73.23,74.17,7847800.0,Starbucks,2020-28,54,72.67,0.008394110361909997,2020-07-12
2020,29,SBUX,72.85,73.91,74.66,73.03,74.07,8256580.0,Starbucks,2020-29,55,73.28,-0.005867903930131097,2020-07-19
2020,30,SBUX,74.67,75.76,76.48,74.81,75.52,8430820.0,Starbucks,2020-30,56,72.85,0.024982841455044716,2020-07-26
2020,31,SBUX,75.25,76.34,77.02,75.58,76.52,9924080.0,Starbucks,2020-31,57,74.67,0.007767510379000914,2020-08-02
2020,32,SBUX,74.66,75.57,75.99,75.14,75.58,8217580.0,Starbucks,2020-32,58,75.25,-0.00784053156146184,2020-08-09
2020,33,SBUX,77.9,78.6,79.18,77.87,78.23,6075260.0,Starbucks,2020-33,59,74.66,0.04339673185105825,2020-08-16
2020,34,SBUX,77.28,77.97,78.53,77.41,78.18,5633460.0,Starbucks,2020-34,60,77.9,-0.00795892169448016,2020-08-23
2020,35,SBUX,81.71,82.44,82.78,80.97,81.35,9972860.0,Starbucks,2020-35,61,77.28,0.0573240165631469,2020-08-30
2020,36,SBUX,85.55,86.32,87.39,85.11,86.31,9467060.0,Starbucks,2020-36,62,81.71,0.04699547179047857,2020-09-06
2020,37,SBUX,84.59,85.35,86.83,84.48,85.49,8166775.0,Starbucks,2020-37,63,85.55,-0.011221507890122662,2020-09-13
2020,38,SBUX,86.11,86.88,87.86,86.1,86.96,7708820.0,Starbucks,2020-38,64,84.59,0.017969027071757845,2020-09-20
2020,39,SBUX,82.89,83.63,84.41,82.38,83.29,5786300.0,Starbucks,2020-39,65,86.11,-0.03739403089072116,2020-09-27
2020,40,SBUX,85.25,86.02,86.85,85.28,86.12,6603620.0,Starbucks,2020-40,66,82.89,0.028471468210881885,2020-10-04
2020,41,SBUX,87.9,88.69,89.38,87.89,88.4,6258340.0,Starbucks,2020-41,67,85.25,0.03108504398826986,2020-10-11
2020,42,SBUX,88.72,89.52,90.21,88.87,89.75,5225580.0,Starbucks,2020-42,68,87.9,0.00932878270762222,2020-10-18
2020,43,SBUX,88.12,88.91,89.76,88.15,88.72,5310960.0,Starbucks,2020-43,69,88.72,-0.00676284941388632,2020-10-25
2020,44,SBUX,87.64,88.43,89.59,87.33,88.62,9672680.0,Starbucks,2020-44,70,88.12,-0.0054471175669541985,2020-11-01
2020,45,SBUX,88.29,89.08,90.1,88.01,88.81,7824100.0,Starbucks,2020-45,71,87.64,0.007416704701049814,2020-11-08
2020,46,SBUX,94.29,94.79,95.82,93.83,94.84,9514300.0,Starbucks,2020-46,72,88.29,0.06795786612300374,2020-11-15
2020,47,SBUX,97.4,97.81,98.28,96.91,97.46,6599020.0,Starbucks,2020-47,73,94.29,0.032983349241701126,2020-11-22
2020,48,SBUX,97.59,98.01,98.53,97.51,98.03,4329975.0,Starbucks,2020-48,74,97.4,0.0019507186858315987,2020-11-29
2020,49,SBUX,99.21,99.63,100.11,98.69,99.22,5352400.0,Starbucks,2020-49,75,97.59,0.016600061481709092,2020-12-06
2020,50,SBUX,101.85,102.28,103.37,101.18,102.45,6851560.0,Starbucks,2020-50,76,99.21,0.026610220743876634,2020-12-13
2020,51,SBUX,103.01,103.45,104.5,103.06,103.81,6302580.0,Starbucks,2020-51,77,101.85,0.011389297987236239,2020-12-20
2020,52,SBUX,101.92,102.36,102.84,101.39,101.98,4311275.0,Starbucks,2020-52,78,103.01,-0.010581496942044494,2020-12-27
2020,53,SBUX,105.28,105.73,105.98,104.55,104.95,4264125.0,Starbucks,2020-53,79,101.92,0.03296703296703296,2021-01-03
2021,1,SBUX,103.51,103.95,105.52,102.84,104.38,5941460.0,Starbucks,2021-01,80,105.28,-0.0168123100303951,2021-01-10
2021,2,SBUX,102.46,102.89,104.04,102.2,103.32,4689260.0,Starbucks,2021-02,81,103.51,-0.010143947444691444,2021-01-17
2021,3,SBUX,103.68,104.12,104.85,102.76,103.71,5832100.0,Starbucks,2021-03,82,102.46,0.011907085691977485,2021-01-24
2021,4,SBUX,99.77,100.19,101.85,99.23,100.99,9482560.0,Starbucks,2021-04,83,103.68,-0.037712191358024796,2021-01-31
2021,5,SBUX,101.84,102.27,103.31,100.48,100.75,6611260.0,Starbucks,2021-05,84,99.77,0.020747719755437582,2021-02-07
2021,6,SBUX,105.45,105.9,106.49,105.05,106.21,3873580.0,Starbucks,2021-06,85,101.84,0.03544776119402984,2021-02-14
2021,7,SBUX,104.62,104.73,105.67,103.87,104.63,4722375.0,Starbucks,2021-07,86,105.45,-0.007871028923660487,2021-02-21
2021,8,SBUX,103.81,103.81,105.22,101.81,103.13,8829940.0,Starbucks,2021-08,87,104.62,-0.007742305486522675,2021-02-28
2020,50,ABNB,139.25,139.25,151.5,135.1,146.55,26980800.0,Airbnb,2020-50,76,,,2020-12-13
2020,51,ABNB,157.3,157.3,159.0,121.5,135.0,79299000.0,Airbnb,2020-51,77,139.25,0.12962298025134658,2020-12-20
2020,52,ABNB,154.84,154.84,174.97,145.11,155.31,37134600.0,Airbnb,2020-52,78,157.3,-0.015638906547997506,2020-12-27
2020,53,ABNB,146.8,146.8,163.64,143.12,158.6,17889700.0,Airbnb,2020-53,79,154.84,-0.051924567295272485,2021-01-03
2021,1,ABNB,149.77,149.77,155.54,137.0,150.99,25696400.0,Airbnb,2021-01,80,146.8,0.020231607629427783,2021-01-10
2021,2,ABNB,169.27,169.27,187.42,143.61,147.99,41957400.0,Airbnb,2021-02,81,149.77,0.1301996394471523,2021-01-17
2021,3,ABNB,181.87,181.87,185.31,155.33,173.0,37958000.0,Airbnb,2021-03,82,169.27,0.07443728953742537,2021-01-24
2021,4,ABNB,183.63,183.63,216.0,170.03,186.05,36561100.0,Airbnb,2021-04,83,181.87,0.00967724198603393,2021-01-31
2021,5,ABNB,195.31,195.31,197.25,177.11,187.48,18961200.0,Airbnb,2021-05,84,183.63,0.0636061645700594,2021-02-07
2021,6,ABNB,212.68,212.68,219.94,191.5,199.93,20108000.0,Airbnb,2021-06,85,195.31,0.08893553837489122,2021-02-14
2021,7,ABNB,201.07,201.07,218.78,192.17,216.24,12975700.0,Airbnb,2021-07,86,212.68,-0.0545890539778071,2021-02-21
2021,8,ABNB,206.35,206.35,214.1,175.0,200.7,46497200.0,Airbnb,2021-08,87,201.07,0.026259511612871145,2021-02-28
