brand,Date,tweets_count
Airbnb,2019-07-01,388
Airbnb,2019-07-02,397
Airbnb,2019-07-03,348
Airbnb,2019-07-04,338
Airbnb,2019-07-05,269
Airbnb,2019-07-06,256
Airbnb,2019-07-07,231
Airbnb,2019-07-08,297
Airbnb,2019-07-09,341
Airbnb,2019-07-10,380
Airbnb,2019-07-11,385
Airbnb,2019-07-12,420
Airbnb,2019-07-13,290
Airbnb,2019-07-14,290
Airbnb,2019-07-15,328
Airbnb,2019-07-16,375
Airbnb,2019-07-17,391
Airbnb,2019-07-18,365
Airbnb,2019-07-19,360
Airbnb,2019-07-20,277
Airbnb,2019-07-21,233
Airbnb,2019-07-22,350
Airbnb,2019-07-23,368
Airbnb,2019-07-24,387
Airbnb,2019-07-25,371
Airbnb,2019-07-26,395
Airbnb,2019-07-27,297
Airbnb,2019-07-28,297
Airbnb,2019-07-29,426
Airbnb,2019-07-30,470
Airbnb,2019-07-31,368
Airbnb,2019-08-01,379
Airbnb,2019-08-02,333
Airbnb,2019-08-03,323
Airbnb,2019-08-04,272
Airbnb,2019-08-05,352
Airbnb,2019-08-06,406
Airbnb,2019-08-07,385
Airbnb,2019-08-08,326
Airbnb,2019-08-09,361
Airbnb,2019-08-10,286
Airbnb,2019-08-11,234
Airbnb,2019-08-12,314
Airbnb,2019-08-13,346
Airbnb,2019-08-14,371
Airbnb,2019-08-15,314
Airbnb,2019-08-16,329
Airbnb,2019-08-17,240
Airbnb,2019-08-18,301
Airbnb,2019-08-19,334
Airbnb,2019-08-20,412
Airbnb,2019-08-21,374
Airbnb,2019-08-22,351
Airbnb,2019-08-23,326
Airbnb,2019-08-24,292
Airbnb,2019-08-25,270
Airbnb,2019-08-26,339
Airbnb,2019-08-27,392
Airbnb,2019-08-28,325
Airbnb,2019-08-29,351
Airbnb,2019-08-30,343
Airbnb,2019-08-31,280
Airbnb,2019-09-01,239
Airbnb,2019-09-02,299
Airbnb,2019-09-03,309
Airbnb,2019-09-04,348
Airbnb,2019-09-05,348
Airbnb,2019-09-06,358
Airbnb,2019-09-07,285
Airbnb,2019-09-08,253
Airbnb,2019-09-09,316
Airbnb,2019-09-10,304
Airbnb,2019-09-11,321
Airbnb,2019-09-12,321
Airbnb,2019-09-13,334
Airbnb,2019-09-14,263
Airbnb,2019-09-15,239
Airbnb,2019-09-16,281
Airbnb,2019-09-17,357
Airbnb,2019-09-18,390
Airbnb,2019-09-19,517
Airbnb,2019-09-20,484
Airbnb,2019-09-21,296
Airbnb,2019-09-22,277
Airbnb,2019-09-23,380
Airbnb,2019-09-24,352
Airbnb,2019-09-25,350
Airbnb,2019-09-26,343
Airbnb,2019-09-27,337
Airbnb,2019-09-28,299
Airbnb,2019-09-29,273
Airbnb,2019-09-30,337
Airbnb,2019-10-01,362
Airbnb,2019-10-02,376
Airbnb,2019-10-03,372
Airbnb,2019-10-04,415
Airbnb,2019-10-05,286
Airbnb,2019-10-06,264
Airbnb,2019-10-07,299
Airbnb,2019-10-08,383
Airbnb,2019-10-09,320
Airbnb,2019-10-10,351
Airbnb,2019-10-11,302
Airbnb,2019-10-12,258
Airbnb,2019-10-13,242
Airbnb,2019-10-14,286
Airbnb,2019-10-15,335
Airbnb,2019-10-16,301
Airbnb,2019-10-17,378
Airbnb,2019-10-18,373
Airbnb,2019-10-19,297
Airbnb,2019-10-20,328
Airbnb,2019-10-21,363
Airbnb,2019-10-22,322
Airbnb,2019-10-23,387
Airbnb,2019-10-24,264
Airbnb,2019-10-25,350
Airbnb,2019-10-26,245
Airbnb,2019-10-27,238
Airbnb,2019-10-28,302
Airbnb,2019-10-29,244
Airbnb,2019-10-30,255
Airbnb,2019-10-31,326
Airbnb,2019-11-01,348
Airbnb,2019-11-02,362
Airbnb,2019-11-03,463
Airbnb,2019-11-04,379
Airbnb,2019-11-05,314
Airbnb,2019-11-06,449
Airbnb,2019-11-07,438
Airbnb,2019-11-08,324
Airbnb,2019-11-09,253
Airbnb,2019-11-10,258
Airbnb,2019-11-11,325
Airbnb,2019-11-12,269
Airbnb,2019-11-13,351
Airbnb,2019-11-14,260
Airbnb,2019-11-15,325
Airbnb,2019-11-16,318
Airbnb,2019-11-17,193
Airbnb,2019-11-18,443
Airbnb,2019-11-19,464
Airbnb,2019-11-20,372
Airbnb,2019-11-21,341
Airbnb,2019-11-22,288
Airbnb,2019-11-23,228
Airbnb,2019-11-24,216
Airbnb,2019-11-25,260
Airbnb,2019-11-26,274
Airbnb,2019-11-27,386
Airbnb,2019-11-28,239
Airbnb,2019-11-29,276
Airbnb,2019-11-30,207
Airbnb,2019-12-01,201
Airbnb,2019-12-02,282
Airbnb,2019-12-03,270
Airbnb,2019-12-04,222
Airbnb,2019-12-05,248
Airbnb,2019-12-06,263
Airbnb,2019-12-07,175
Airbnb,2019-12-08,209
Airbnb,2019-12-09,247
Airbnb,2019-12-10,248
Airbnb,2019-12-11,236
Airbnb,2019-12-12,224
Airbnb,2019-12-13,204
Airbnb,2019-12-14,187
Airbnb,2019-12-15,181
Airbnb,2019-12-16,233
Airbnb,2019-12-17,244
Airbnb,2019-12-18,234
Airbnb,2019-12-19,349
Airbnb,2019-12-20,317
Airbnb,2019-12-21,210
Airbnb,2019-12-22,123
Airbnb,2019-12-23,194
Airbnb,2019-12-24,181
Airbnb,2019-12-25,146
Airbnb,2019-12-26,205
Airbnb,2019-12-27,305
Airbnb,2019-12-28,235
Airbnb,2019-12-29,245
Airbnb,2019-12-30,228
Airbnb,2019-12-31,249
Airbnb,2020-01-01,166
Airbnb,2020-01-02,239
Airbnb,2020-01-03,234
Airbnb,2020-01-04,312
Airbnb,2020-01-05,218
Airbnb,2020-01-06,260
Airbnb,2020-01-07,244
Airbnb,2020-01-08,335
Airbnb,2020-01-09,389
Airbnb,2020-01-10,387
Airbnb,2020-01-11,387
Airbnb,2020-01-12,310
Airbnb,2020-01-13,478
Airbnb,2020-01-14,346
Airbnb,2020-01-15,411
Airbnb,2020-01-16,421
Airbnb,2020-01-17,334
Airbnb,2020-01-18,370
Airbnb,2020-01-19,272
Airbnb,2020-01-20,406
Airbnb,2020-01-21,325
Airbnb,2020-01-22,323
Airbnb,2020-01-23,422
Airbnb,2020-01-24,354
Airbnb,2020-01-25,365
Airbnb,2020-01-26,206
Airbnb,2020-01-27,414
Airbnb,2020-01-28,346
Airbnb,2020-01-29,510
Airbnb,2020-01-30,479
Airbnb,2020-01-31,287
Airbnb,2020-02-01,428
Airbnb,2020-02-02,292
Airbnb,2020-02-03,450
Airbnb,2020-02-04,405
Airbnb,2020-02-05,389
Airbnb,2020-02-06,481
Airbnb,2020-02-07,308
Airbnb,2020-02-08,244
Airbnb,2020-02-09,241
Airbnb,2020-02-10,441
Airbnb,2020-02-11,472
Airbnb,2020-02-12,437
Airbnb,2020-02-13,504
Airbnb,2020-02-14,319
Airbnb,2020-02-15,243
Airbnb,2020-02-16,385
Airbnb,2020-02-17,317
Airbnb,2020-02-18,329
Airbnb,2020-02-19,470
Airbnb,2020-02-20,421
Airbnb,2020-02-21,656
Airbnb,2020-02-22,519
Airbnb,2020-02-23,509
Airbnb,2020-02-24,316
Airbnb,2020-02-25,322
Airbnb,2020-02-26,299
Airbnb,2020-02-27,333
Airbnb,2020-02-28,333
Airbnb,2020-02-29,234
Airbnb,2020-03-01,236
Airbnb,2020-03-02,321
Airbnb,2020-03-03,345
Airbnb,2020-03-04,341
Airbnb,2020-03-05,359
Airbnb,2020-03-06,398
Airbnb,2020-03-07,270
Airbnb,2020-03-08,269
Airbnb,2020-03-09,367
Airbnb,2020-03-10,448
Airbnb,2020-03-11,348
Airbnb,2020-03-12,397
Airbnb,2020-03-13,438
Airbnb,2020-03-14,293
Airbnb,2020-03-15,358
Airbnb,2020-03-16,354
Airbnb,2020-03-17,343
Airbnb,2020-03-18,310
Airbnb,2020-03-19,292
Airbnb,2020-03-20,274
Airbnb,2020-03-21,242
Airbnb,2020-03-22,343
Airbnb,2020-03-23,256
Airbnb,2020-03-24,358
Airbnb,2020-03-25,323
Airbnb,2020-03-26,334
Airbnb,2020-03-27,292
Airbnb,2020-03-28,260
Airbnb,2020-03-29,216
Airbnb,2020-03-30,308
Airbnb,2020-03-31,414
Airbnb,2020-04-01,298
Airbnb,2020-04-02,493
Airbnb,2020-04-03,295
Airbnb,2020-04-04,223
Airbnb,2020-04-05,206
Airbnb,2020-04-06,322
Airbnb,2020-04-07,360
Airbnb,2020-04-08,304
Airbnb,2020-04-09,379
Airbnb,2020-04-10,288
Airbnb,2020-04-11,216
Airbnb,2020-04-12,161
Airbnb,2020-04-13,219
Airbnb,2020-04-14,256
Airbnb,2020-04-15,292
Airbnb,2020-04-16,250
Airbnb,2020-04-17,244
Airbnb,2020-04-18,132
Airbnb,2020-04-19,179
Airbnb,2020-04-20,234
Airbnb,2020-04-21,212
Airbnb,2020-04-22,232
Airbnb,2020-04-23,280
Airbnb,2020-04-24,239
Airbnb,2020-04-25,175
Airbnb,2020-04-26,192
Airbnb,2020-04-27,255
Airbnb,2020-04-28,282
Airbnb,2020-04-29,330
Airbnb,2020-04-30,273
Airbnb,2020-05-01,233
Airbnb,2020-05-02,175
Airbnb,2020-05-03,172
Airbnb,2020-05-04,254
Airbnb,2020-05-05,400
Airbnb,2020-05-06,773
Airbnb,2020-05-07,394
Airbnb,2020-05-08,290
Airbnb,2020-05-09,209
Airbnb,2020-05-10,209
Airbnb,2020-05-11,252
Airbnb,2020-05-12,270
Airbnb,2020-05-13,268
Airbnb,2020-05-14,270
Airbnb,2020-05-15,336
Airbnb,2020-05-16,174
Airbnb,2020-05-17,182
Airbnb,2020-05-18,258
Airbnb,2020-05-19,259
Airbnb,2020-05-20,279
Airbnb,2020-05-21,199
Airbnb,2020-05-22,262
Airbnb,2020-05-23,245
Airbnb,2020-05-24,219
Airbnb,2020-05-25,280
Airbnb,2020-05-26,229
Airbnb,2020-05-27,242
Airbnb,2020-05-28,233
Airbnb,2020-05-29,274
Airbnb,2020-05-30,191
Airbnb,2020-05-31,190
Airbnb,2020-06-01,222
Airbnb,2020-06-02,206
Airbnb,2020-06-03,211
Airbnb,2020-06-04,196
Airbnb,2020-06-05,208
Airbnb,2020-06-06,147
Airbnb,2020-06-07,134
Airbnb,2020-06-08,229
Airbnb,2020-06-09,219
Airbnb,2020-06-10,233
Airbnb,2020-06-11,280
Airbnb,2020-06-12,263
Airbnb,2020-06-13,181
Airbnb,2020-06-14,174
Airbnb,2020-06-15,286
Airbnb,2020-06-16,268
Airbnb,2020-06-17,267
Airbnb,2020-06-18,216
Airbnb,2020-06-19,238
Airbnb,2020-06-20,178
Airbnb,2020-06-21,144
Airbnb,2020-06-22,262
Airbnb,2020-06-23,314
Airbnb,2020-06-24,269
Airbnb,2020-06-25,357
Airbnb,2020-06-26,359
Airbnb,2020-06-27,227
Airbnb,2020-06-28,206
Airbnb,2020-06-29,257
Airbnb,2020-06-30,238
Airbnb,2020-07-01,238
Airbnb,2020-07-02,246
Airbnb,2020-07-03,291
Airbnb,2020-07-04,189
Airbnb,2020-07-05,173
Airbnb,2020-07-06,245
Airbnb,2020-07-07,246
Airbnb,2020-07-08,241
Airbnb,2020-07-09,260
Airbnb,2020-07-10,235
Airbnb,2020-07-11,199
Airbnb,2020-07-12,181
Airbnb,2020-07-13,232
Airbnb,2020-07-14,266
Airbnb,2020-07-15,326
Airbnb,2020-07-16,263
Airbnb,2020-07-17,250
Airbnb,2020-07-18,204
Airbnb,2020-07-19,227
Airbnb,2020-07-20,402
Airbnb,2020-07-21,400
Airbnb,2020-07-22,253
Airbnb,2020-07-23,304
Airbnb,2020-07-24,289
Airbnb,2020-07-25,210
Airbnb,2020-07-26,181
Airbnb,2020-07-27,228
Airbnb,2020-07-28,284
Airbnb,2020-07-29,275
Airbnb,2020-07-30,241
Airbnb,2020-07-31,231
Airbnb,2020-08-01,168
Airbnb,2020-08-02,166
Airbnb,2020-08-03,227
Airbnb,2020-08-04,212
Airbnb,2020-08-05,248
Airbnb,2020-08-06,216
Airbnb,2020-08-07,213
Airbnb,2020-08-08,193
Airbnb,2020-08-09,165
Airbnb,2020-08-10,228
Airbnb,2020-08-11,487
Airbnb,2020-08-12,468
Airbnb,2020-08-13,299
Airbnb,2020-08-14,292
Airbnb,2020-08-15,216
Airbnb,2020-08-16,176
Airbnb,2020-08-17,245
Airbnb,2020-08-18,237
Airbnb,2020-08-19,324
Airbnb,2020-08-20,611
Airbnb,2020-08-21,463
Airbnb,2020-08-22,222
Airbnb,2020-08-23,222
Airbnb,2020-08-24,285
Airbnb,2020-08-25,250
Airbnb,2020-08-26,260
Airbnb,2020-08-27,236
Airbnb,2020-08-28,249
Airbnb,2020-08-29,189
Airbnb,2020-08-30,168
Airbnb,2020-08-31,298
Airbnb,2020-09-01,241
Airbnb,2020-09-02,277
Airbnb,2020-09-03,328
Airbnb,2020-09-04,323
Airbnb,2020-09-05,193
Airbnb,2020-09-06,193
Airbnb,2020-09-07,202
Airbnb,2020-09-08,254
Airbnb,2020-09-09,247
Airbnb,2020-09-10,200
Airbnb,2020-09-11,237
Airbnb,2020-09-12,263
Airbnb,2020-09-13,207
Airbnb,2020-09-14,316
Airbnb,2020-09-15,344
Airbnb,2020-09-16,241
Airbnb,2020-09-17,276
Airbnb,2020-09-18,267
Airbnb,2020-09-19,206
Airbnb,2020-09-20,252
Airbnb,2020-09-21,291
Airbnb,2020-09-22,438
Airbnb,2020-09-23,344
Airbnb,2020-09-24,312
Airbnb,2020-09-25,297
Airbnb,2020-09-26,262
Airbnb,2020-09-27,261
Airbnb,2020-09-28,283
Airbnb,2020-09-29,344
Airbnb,2020-09-30,287
Airbnb,2020-10-01,311
Airbnb,2020-10-02,349
Airbnb,2020-10-03,307
Airbnb,2020-10-04,256
Airbnb,2020-10-05,346
Airbnb,2020-10-06,224
Airbnb,2020-10-07,241
Airbnb,2020-10-08,233
Airbnb,2020-10-09,225
Airbnb,2020-10-10,179
Airbnb,2020-10-11,157
Airbnb,2020-10-12,269
Airbnb,2020-10-13,201
Airbnb,2020-10-14,257
Airbnb,2020-10-15,214
Airbnb,2020-10-16,290
Airbnb,2020-10-17,254
Airbnb,2020-10-18,183
Airbnb,2020-10-19,238
Airbnb,2020-10-20,244
Airbnb,2020-10-21,258
Airbnb,2020-10-22,341
Airbnb,2020-10-23,205
Airbnb,2020-10-24,211
Airbnb,2020-10-25,214
Airbnb,2020-10-26,260
Airbnb,2020-10-27,246
Airbnb,2020-10-28,232
Airbnb,2020-10-29,218
Airbnb,2020-10-30,216
Apple,2019-07-01,3036
Apple,2019-07-02,2933
Apple,2019-07-03,2747
Apple,2019-07-04,2623
Apple,2019-07-05,2511
Apple,2019-07-06,1872
Apple,2019-07-07,1860
Apple,2019-07-08,2754
Apple,2019-07-09,3251
Apple,2019-07-10,2968
Apple,2019-07-11,2837
Apple,2019-07-12,2752
Apple,2019-07-13,1838
Apple,2019-07-14,1775
Apple,2019-07-15,2568
Apple,2019-07-16,2848
Apple,2019-07-17,2945
Apple,2019-07-18,2712
Apple,2019-07-19,2428
Apple,2019-07-20,2095
Apple,2019-07-21,2008
Apple,2019-07-22,2960
Apple,2019-07-23,3218
Apple,2019-07-24,3058
Apple,2019-07-25,2787
Apple,2019-07-26,3240
Apple,2019-07-27,2226
Apple,2019-07-28,1879
Apple,2019-07-29,2856
Apple,2019-07-30,3104
Apple,2019-07-31,3485
Apple,2019-08-03,990
Apple,2019-08-04,1732
Apple,2019-08-05,2551
Apple,2019-08-06,3015
Apple,2019-08-07,3075
Apple,2019-08-08,3104
Apple,2019-08-09,3013
Apple,2019-08-10,2088
Apple,2019-08-11,1968
Apple,2019-08-12,2685
Apple,2019-08-13,2736
Apple,2019-08-14,2684
Apple,2019-08-15,2462
Apple,2019-08-16,2631
Apple,2019-08-17,2049
Apple,2019-08-18,1931
Apple,2019-08-19,2826
Apple,2019-08-20,3098
Apple,2019-08-21,3025
Apple,2019-08-22,3219
Apple,2019-08-23,2692
Apple,2019-08-24,2075
Apple,2019-08-25,2024
Apple,2019-08-26,2617
Apple,2019-08-27,2993
Apple,2019-08-28,2973
Apple,2019-08-29,3852
Apple,2019-08-30,3576
Apple,2019-08-31,2288
Apple,2019-09-01,2042
Apple,2019-09-02,2523
Apple,2019-09-03,2728
Apple,2019-09-04,2824
Apple,2019-09-05,2718
Apple,2019-09-06,2911
Apple,2019-09-07,2404
Apple,2019-09-08,2195
Apple,2019-09-09,3672
Apple,2019-09-10,18113
Apple,2019-09-11,10588
Apple,2019-09-12,4991
Apple,2019-09-13,4687
Apple,2019-09-14,2875
Apple,2019-09-15,2576
Apple,2019-09-16,3318
Apple,2019-09-17,3623
Apple,2019-09-18,3194
Apple,2019-09-19,4850
Apple,2019-09-20,5533
Apple,2019-09-21,3480
Apple,2019-09-22,2951
Apple,2019-09-23,3486
Apple,2019-09-24,3849
Apple,2019-09-25,3601
Apple,2019-09-26,3105
Apple,2019-09-27,3471
Apple,2019-09-28,3115
Apple,2019-09-29,2657
Apple,2019-09-30,3406
Apple,2019-10-01,3280
Apple,2019-10-02,2833
Apple,2019-10-03,3043
Apple,2019-10-04,3627
Apple,2019-10-05,3032
Apple,2019-10-06,2398
Apple,2019-10-07,3649
Apple,2019-10-08,4320
Apple,2019-10-09,4013
Apple,2019-10-10,4789
Apple,2019-10-11,4099
Apple,2019-10-12,2671
Apple,2019-10-13,2530
Apple,2019-10-14,3353
Apple,2019-10-15,3338
Apple,2019-10-16,3191
Apple,2019-10-17,3010
Apple,2019-10-18,2875
Apple,2019-10-19,2433
Apple,2019-10-20,2194
Apple,2019-10-21,2944
Apple,2019-10-22,2873
Apple,2019-10-23,2765
Apple,2019-10-24,2488
Apple,2019-10-25,2530
Apple,2019-10-26,2172
Apple,2019-10-27,2075
Apple,2019-10-28,4455
Apple,2019-10-29,3433
Apple,2019-10-30,2937
Apple,2019-10-31,2992
Apple,2019-11-01,2654
Apple,2019-11-02,2066
Apple,2019-11-03,1748
Apple,2019-11-04,2456
Apple,2019-11-05,2322
Apple,2019-11-06,2255
Apple,2019-11-07,2542
Apple,2019-11-08,2521
Apple,2019-11-09,1812
Apple,2019-11-10,1835
Apple,2019-11-11,2392
Apple,2019-11-12,2559
Apple,2019-11-13,3402
Apple,2019-11-14,2687
Apple,2019-11-15,2557
Apple,2019-11-16,1835
Apple,2019-11-17,1445
Apple,2019-11-18,2085
Apple,2019-11-19,2177
Apple,2019-11-20,2296
Apple,2019-11-21,3077
Apple,2019-11-22,2169
Apple,2019-11-23,1785
Apple,2019-11-24,1715
Apple,2019-11-25,2003
Apple,2019-11-26,1970
Apple,2019-11-27,2319
Apple,2019-11-28,2420
Apple,2019-11-29,2107
Apple,2019-11-30,1721
Apple,2019-12-01,1469
Apple,2019-12-02,2028
Apple,2019-12-03,2196
Apple,2019-12-04,2131
Apple,2019-12-05,1984
Apple,2019-12-06,1990
Apple,2019-12-07,1442
Apple,2019-12-08,1435
Apple,2019-12-09,1834
Apple,2019-12-10,2476
Apple,2019-12-11,2584
Apple,2019-12-12,2107
Apple,2019-12-13,1952
Apple,2019-12-14,1592
Apple,2019-12-15,1319
Apple,2019-12-16,1828
Apple,2019-12-17,1957
Apple,2019-12-18,2009
Apple,2019-12-19,1955
Apple,2019-12-20,1843
Apple,2019-12-21,1516
Apple,2019-12-22,1413
Apple,2019-12-23,1819
Apple,2019-12-24,1562
Apple,2019-12-25,1326
Apple,2019-12-26,1461
Apple,2019-12-27,1624
Apple,2019-12-28,1355
Apple,2019-12-29,1343
Apple,2019-12-30,1561
Apple,2019-12-31,1481
Apple,2020-01-01,1283
Apple,2020-01-02,1771
Apple,2020-01-03,1906
Apple,2020-01-04,1671
Apple,2020-01-05,1685
Apple,2020-01-06,1931
Apple,2020-01-07,2110
Apple,2020-01-08,2582
Apple,2020-01-09,2767
Apple,2020-01-10,2166
Apple,2020-01-11,1799
Apple,2020-01-12,1671
Apple,2020-01-13,2477
Apple,2020-01-14,3044
Apple,2020-01-15,3167
Apple,2020-01-16,3110
Apple,2020-01-17,2697
Apple,2020-01-18,2006
Apple,2020-01-19,1766
Apple,2020-01-20,2384
Apple,2020-01-21,2537
Apple,2020-01-22,2961
Apple,2020-01-23,2844
Apple,2020-01-24,2556
Apple,2020-01-25,1839
Apple,2020-01-26,1779
Apple,2020-01-27,2617
Apple,2020-01-28,2987
Apple,2020-01-29,3267
Apple,2020-01-30,2585
Apple,2020-01-31,2319
Apple,2020-02-01,2344
Apple,2020-02-02,1729
Apple,2020-02-03,2417
Apple,2020-02-04,2360
Apple,2020-02-05,2264
Apple,2020-02-06,2528
Apple,2020-02-07,2415
Apple,2020-02-08,2254
Apple,2020-02-09,1829
Apple,2020-02-10,2414
Apple,2020-02-11,2472
Apple,2020-02-12,2365
Apple,2020-02-13,2356
Apple,2020-02-14,2247
Apple,2020-02-15,1853
Apple,2020-02-16,1766
Apple,2020-02-17,2126
Apple,2020-02-18,3552
Apple,2020-02-19,2444
Apple,2020-02-20,2470
Apple,2020-02-21,2446
Apple,2020-02-22,1925
Apple,2020-02-23,1987
Apple,2020-02-24,2842
Apple,2020-02-25,2561
Apple,2020-02-26,2691
Apple,2020-02-27,2794
Apple,2020-02-28,2622
Apple,2020-02-29,2051
Apple,2020-03-01,1953
Apple,2020-03-02,2765
Apple,2020-03-03,3692
Apple,2020-03-04,2462
Apple,2020-03-05,2664
Apple,2020-03-06,2512
Apple,2020-03-07,1964
Apple,2020-03-08,1964
Apple,2020-03-09,2657
Apple,2020-03-10,2850
Apple,2020-03-11,2627
Apple,2020-03-12,2410
Apple,2020-03-13,2666
Apple,2020-03-14,3013
Apple,2020-03-15,1849
Apple,2020-03-16,2670
Apple,2020-03-17,2546
Apple,2020-03-18,3833
Apple,2020-03-19,2566
Apple,2020-03-20,2456
Apple,2020-03-21,1990
Apple,2020-03-22,1880
Apple,2020-03-23,2309
Apple,2020-03-24,2456
Apple,2020-03-25,2773
Apple,2020-03-26,2652
Apple,2020-03-27,2658
Apple,2020-03-28,2111
Apple,2020-03-29,1948
Apple,2020-03-30,2201
Apple,2020-03-31,2519
Apple,2020-04-01,2882
Apple,2020-04-02,2559
Apple,2020-04-03,2511
Apple,2020-04-04,1930
Apple,2020-04-05,1882
Apple,2020-04-06,2742
Apple,2020-04-07,2125
Apple,2020-04-08,2240
Apple,2020-04-09,2449
Apple,2020-04-10,3115
Apple,2020-04-11,2770
Apple,2020-04-12,2167
Apple,2020-04-13,2717
Apple,2020-04-14,2918
Apple,2020-04-15,5277
Apple,2020-04-16,4276
Apple,2020-04-17,3186
Apple,2020-04-18,2337
Apple,2020-04-19,2226
Apple,2020-04-20,2980
Apple,2020-04-21,3139
Apple,2020-04-22,2812
Apple,2020-04-23,3176
Apple,2020-04-24,3448
Apple,2020-04-25,2549
Apple,2020-04-26,2338
Apple,2020-04-27,2773
Apple,2020-04-28,2849
Apple,2020-04-29,2788
Apple,2020-04-30,3058
Apple,2020-05-01,2799
Apple,2020-05-02,2239
Apple,2020-05-03,2250
Apple,2020-05-04,3313
Apple,2020-05-05,3525
Apple,2020-05-06,3198
Apple,2020-05-07,2770
Apple,2020-05-08,2707
Apple,2020-05-09,2171
Apple,2020-05-10,2074
Apple,2020-05-11,2783
Apple,2020-05-12,2865
Apple,2020-05-13,2993
Apple,2020-05-14,2770
Apple,2020-05-15,3088
Apple,2020-05-16,2441
Apple,2020-05-17,2155
Apple,2020-05-18,3063
Apple,2020-05-19,2911
Apple,2020-05-20,3239
Apple,2020-05-21,3014
Apple,2020-05-22,2644
Apple,2020-05-23,2369
Apple,2020-05-24,2240
Apple,2020-05-25,2527
Apple,2020-05-26,2605
Apple,2020-05-27,2698
Apple,2020-05-28,2669
Apple,2020-05-29,2555
Apple,2020-05-30,2163
Apple,2020-05-31,2285
Apple,2020-06-01,2977
Apple,2020-06-02,3058
Apple,2020-06-03,2831
Apple,2020-06-04,2782
Apple,2020-06-05,2621
Apple,2020-06-06,2173
Apple,2020-06-07,2110
Apple,2020-06-08,2596
Apple,2020-06-09,3152
Apple,2020-06-10,2958
Apple,2020-06-11,2933
Apple,2020-06-12,2759
Apple,2020-06-13,2157
Apple,2020-06-14,2141
Apple,2020-06-15,2741
Apple,2020-06-16,3426
Apple,2020-06-17,3185
Apple,2020-06-18,3062
Apple,2020-06-19,3348
Apple,2020-06-20,2901
Apple,2020-06-21,2530
Apple,2020-06-22,12342
Apple,2020-06-23,7507
Apple,2020-06-24,3847
Apple,2020-06-25,3200
Apple,2020-06-26,3463
Apple,2020-06-27,2754
Apple,2020-06-28,2551
Apple,2020-06-29,3644
Apple,2020-06-30,3403
Apple,2020-07-01,2993
Apple,2020-07-02,3182
Apple,2020-07-03,2996
Apple,2020-07-04,2278
Apple,2020-07-05,2308
Apple,2020-07-06,2830
Apple,2020-07-07,3063
Apple,2020-07-08,3089
Apple,2020-07-09,3523
Apple,2020-07-10,3571
Apple,2020-07-11,2830
Apple,2020-07-12,2368
Apple,2020-07-13,5329
Apple,2020-07-14,3848
Apple,2020-07-15,5535
Apple,2020-07-16,4420
Apple,2020-07-17,3662
Apple,2020-07-18,2759
Apple,2020-07-19,2768
Apple,2020-07-20,3089
Apple,2020-07-21,3414
Apple,2020-07-22,3885
Apple,2020-07-23,3613
Apple,2020-07-24,3647
Apple,2020-07-25,2631
Apple,2020-07-26,2699
Apple,2020-07-27,2876
Apple,2020-07-28,2911
Apple,2020-07-29,3658
Apple,2020-07-30,3953
Apple,2020-07-31,4120
Apple,2020-08-01,3042
Apple,2020-08-02,2704
Apple,2020-08-03,3217
Apple,2020-08-04,3476
Apple,2020-08-05,3293
Apple,2020-08-06,3032
Apple,2020-08-07,3161
Apple,2020-08-08,2532
Apple,2020-08-09,2444
Apple,2020-08-10,3136
Apple,2020-08-11,3270
Apple,2020-08-12,2910
Apple,2020-08-13,5333
Apple,2020-08-14,8057
Apple,2020-08-15,2797
Apple,2020-08-16,2307
Apple,2020-08-17,3232
Apple,2020-08-18,3756
Apple,2020-08-19,4761
Apple,2020-08-20,4269
Apple,2020-08-21,3744
Apple,2020-08-22,2961
Apple,2020-08-23,2746
Apple,2020-08-24,3764
Apple,2020-08-25,4102
Apple,2020-08-26,3564
Apple,2020-08-27,3430
Apple,2020-08-28,3370
Apple,2020-08-29,2864
Apple,2020-08-30,2605
Apple,2020-08-31,3499
Apple,2020-09-01,3727
Apple,2020-09-02,3520
Apple,2020-09-03,3170
Apple,2020-09-04,3155
Apple,2020-09-05,2395
Apple,2020-09-06,2371
Apple,2020-09-07,2675
Apple,2020-09-08,4459
Apple,2020-09-09,3968
Apple,2020-09-10,3005
Apple,2020-09-11,3065
Apple,2020-09-12,2411
Apple,2020-09-13,2304
Apple,2020-09-14,3351
Apple,2020-09-15,11533
Apple,2020-09-16,8280
Apple,2020-09-17,5089
Apple,2020-09-18,4532
Apple,2020-09-19,3000
Apple,2020-09-20,2819
Apple,2020-09-21,3305
Apple,2020-09-22,3478
Apple,2020-09-23,3399
Apple,2020-09-24,3236
Apple,2020-09-25,3403
Apple,2020-09-26,2632
Apple,2020-09-27,9276
Apple,2020-09-28,3159
Apple,2020-09-29,3279
Apple,2020-09-30,6348
Apple,2020-10-01,2721
Apple,2020-10-02,2969
Apple,2020-10-03,2354
Apple,2020-10-04,2222
Apple,2020-10-05,3906
Apple,2020-10-06,4582
Apple,2020-10-07,4387
Apple,2020-10-08,3667
Apple,2020-10-09,3423
Apple,2020-10-10,2697
Apple,2020-10-11,2495
Apple,2020-10-12,3856
Apple,2020-10-13,21280
Apple,2020-10-14,14220
Apple,2020-10-15,4890
Apple,2020-10-16,5211
Apple,2020-10-17,3331
Apple,2020-10-18,3039
Apple,2020-10-19,3532
Apple,2020-10-20,4565
Apple,2020-10-21,4121
Apple,2020-10-22,4083
Apple,2020-10-23,5112
Apple,2020-10-24,3692
Apple,2020-10-25,3243
Apple,2020-10-26,3782
Apple,2020-10-27,3997
Apple,2020-10-28,3924
Apple,2020-10-29,3869
Apple,2020-10-30,4709
Coca-Cola,2019-07-01,189
Coca-Cola,2019-07-02,209
Coca-Cola,2019-07-03,194
Coca-Cola,2019-07-04,255
Coca-Cola,2019-07-05,1035
Coca-Cola,2019-07-06,433
Coca-Cola,2019-07-07,230
Coca-Cola,2019-07-08,223
Coca-Cola,2019-07-09,188
Coca-Cola,2019-07-10,217
Coca-Cola,2019-07-11,182
Coca-Cola,2019-07-12,191
Coca-Cola,2019-07-13,204
Coca-Cola,2019-07-14,191
Coca-Cola,2019-07-15,139
Coca-Cola,2019-07-16,187
Coca-Cola,2019-07-17,210
Coca-Cola,2019-07-18,203
Coca-Cola,2019-07-19,162
Coca-Cola,2019-07-20,188
Coca-Cola,2019-07-21,166
Coca-Cola,2019-07-22,360
Coca-Cola,2019-07-23,264
Coca-Cola,2019-07-24,234
Coca-Cola,2019-07-25,219
Coca-Cola,2019-07-26,189
Coca-Cola,2019-07-27,172
Coca-Cola,2019-07-28,167
Coca-Cola,2019-07-29,171
Coca-Cola,2019-07-30,159
Coca-Cola,2019-07-31,179
Coca-Cola,2019-08-01,176
Coca-Cola,2019-08-02,159
Coca-Cola,2019-08-03,151
Coca-Cola,2019-08-04,121
Coca-Cola,2019-08-05,211
Coca-Cola,2019-08-06,233
Coca-Cola,2019-08-07,335
Coca-Cola,2019-08-08,237
Coca-Cola,2019-08-09,213
Coca-Cola,2019-08-10,146
Coca-Cola,2019-08-11,200
Coca-Cola,2019-08-12,182
Coca-Cola,2019-08-13,194
Coca-Cola,2019-08-14,191
Coca-Cola,2019-08-15,196
Coca-Cola,2019-08-16,189
Coca-Cola,2019-08-17,181
Coca-Cola,2019-08-18,166
Coca-Cola,2019-08-19,204
Coca-Cola,2019-08-20,185
Coca-Cola,2019-08-21,238
Coca-Cola,2019-08-22,224
Coca-Cola,2019-08-23,196
Coca-Cola,2019-08-24,187
Coca-Cola,2019-08-25,155
Coca-Cola,2019-08-26,219
Coca-Cola,2019-08-27,242
Coca-Cola,2019-08-28,279
Coca-Cola,2019-08-29,195
Coca-Cola,2019-08-30,275
Coca-Cola,2019-08-31,238
Coca-Cola,2019-09-01,144
Coca-Cola,2019-09-02,137
Coca-Cola,2019-09-03,224
Coca-Cola,2019-09-04,156
Coca-Cola,2019-09-05,197
Coca-Cola,2019-09-06,301
Coca-Cola,2019-09-07,326
Coca-Cola,2019-09-08,224
Coca-Cola,2019-09-09,182
Coca-Cola,2019-09-10,138
Coca-Cola,2019-09-11,159
Coca-Cola,2019-09-12,168
Coca-Cola,2019-09-13,170
Coca-Cola,2019-09-14,139
Coca-Cola,2019-09-15,117
Coca-Cola,2019-09-16,156
Coca-Cola,2019-09-17,151
Coca-Cola,2019-09-18,176
Coca-Cola,2019-09-19,238
Coca-Cola,2019-09-20,179
Coca-Cola,2019-09-21,160
Coca-Cola,2019-09-22,174
Coca-Cola,2019-09-23,197
Coca-Cola,2019-09-24,184
Coca-Cola,2019-09-25,171
Coca-Cola,2019-09-26,149
Coca-Cola,2019-09-27,145
Coca-Cola,2019-09-28,145
Coca-Cola,2019-09-29,123
Coca-Cola,2019-09-30,150
Coca-Cola,2019-10-01,164
Coca-Cola,2019-10-02,146
Coca-Cola,2019-10-03,185
Coca-Cola,2019-10-04,197
Coca-Cola,2019-10-05,152
Coca-Cola,2019-10-06,165
Coca-Cola,2019-10-07,165
Coca-Cola,2019-10-08,184
Coca-Cola,2019-10-09,180
Coca-Cola,2019-10-10,135
Coca-Cola,2019-10-11,163
Coca-Cola,2019-10-12,144
Coca-Cola,2019-10-13,162
Coca-Cola,2019-10-14,189
Coca-Cola,2019-10-15,180
Coca-Cola,2019-10-16,224
Coca-Cola,2019-10-17,193
Coca-Cola,2019-10-18,201
Coca-Cola,2019-10-19,167
Coca-Cola,2019-10-20,164
Coca-Cola,2019-10-21,181
Coca-Cola,2019-10-22,174
Coca-Cola,2019-10-23,211
Coca-Cola,2019-10-24,208
Coca-Cola,2019-10-25,180
Coca-Cola,2019-10-26,118
Coca-Cola,2019-10-27,140
Coca-Cola,2019-10-28,742
Coca-Cola,2019-10-29,227
Coca-Cola,2019-10-30,161
Coca-Cola,2019-10-31,200
Coca-Cola,2019-11-01,180
Coca-Cola,2019-11-02,146
Coca-Cola,2019-11-03,136
Coca-Cola,2019-11-04,181
Coca-Cola,2019-11-05,173
Coca-Cola,2019-11-06,203
Coca-Cola,2019-11-07,151
Coca-Cola,2019-11-08,162
Coca-Cola,2019-11-09,142
Coca-Cola,2019-11-10,142
Coca-Cola,2019-11-11,152
Coca-Cola,2019-11-12,196
Coca-Cola,2019-11-13,190
Coca-Cola,2019-11-14,164
Coca-Cola,2019-11-15,158
Coca-Cola,2019-11-16,150
Coca-Cola,2019-11-17,139
Coca-Cola,2019-11-18,172
Coca-Cola,2019-11-19,160
Coca-Cola,2019-11-20,143
Coca-Cola,2019-11-21,207
Coca-Cola,2019-11-22,166
Coca-Cola,2019-11-23,137
Coca-Cola,2019-11-24,315
Coca-Cola,2019-11-25,212
Coca-Cola,2019-11-26,173
Coca-Cola,2019-11-27,157
Coca-Cola,2019-11-28,157
Coca-Cola,2019-11-29,158
Coca-Cola,2019-11-30,168
Coca-Cola,2019-12-01,145
Coca-Cola,2019-12-02,156
Coca-Cola,2019-12-03,157
Coca-Cola,2019-12-04,169
Coca-Cola,2019-12-05,193
Coca-Cola,2019-12-06,224
Coca-Cola,2019-12-07,169
Coca-Cola,2019-12-08,179
Coca-Cola,2019-12-09,211
Coca-Cola,2019-12-10,181
Coca-Cola,2019-12-11,163
Coca-Cola,2019-12-12,218
Coca-Cola,2019-12-13,224
Coca-Cola,2019-12-14,189
Coca-Cola,2019-12-15,200
Coca-Cola,2019-12-16,190
Coca-Cola,2019-12-17,199
Coca-Cola,2019-12-18,198
Coca-Cola,2019-12-19,237
Coca-Cola,2019-12-20,203
Coca-Cola,2019-12-21,166
Coca-Cola,2019-12-22,188
Coca-Cola,2019-12-23,224
Coca-Cola,2019-12-24,229
Coca-Cola,2019-12-25,180
Coca-Cola,2019-12-26,216
Coca-Cola,2019-12-27,200
Coca-Cola,2019-12-28,133
Coca-Cola,2019-12-29,110
Coca-Cola,2019-12-30,139
Coca-Cola,2019-12-31,133
Coca-Cola,2020-01-01,138
Coca-Cola,2020-01-02,117
Coca-Cola,2020-01-03,113
Coca-Cola,2020-01-04,114
Coca-Cola,2020-01-05,109
Coca-Cola,2020-01-06,143
Coca-Cola,2020-01-07,181
Coca-Cola,2020-01-08,246
Coca-Cola,2020-01-09,165
Coca-Cola,2020-01-10,135
Coca-Cola,2020-01-11,110
Coca-Cola,2020-01-12,115
Coca-Cola,2020-01-13,129
Coca-Cola,2020-01-14,165
Coca-Cola,2020-01-15,149
Coca-Cola,2020-01-16,193
Coca-Cola,2020-01-17,191
Coca-Cola,2020-01-18,182
Coca-Cola,2020-01-19,155
Coca-Cola,2020-01-20,192
Coca-Cola,2020-01-21,319
Coca-Cola,2020-01-22,315
Coca-Cola,2020-01-23,262
Coca-Cola,2020-01-24,213
Coca-Cola,2020-01-25,170
Coca-Cola,2020-01-26,113
Coca-Cola,2020-01-27,168
Coca-Cola,2020-01-28,160
Coca-Cola,2020-01-29,172
Coca-Cola,2020-01-30,212
Coca-Cola,2020-01-31,180
Coca-Cola,2020-02-01,165
Coca-Cola,2020-02-02,144
Coca-Cola,2020-02-03,217
Coca-Cola,2020-02-04,156
Coca-Cola,2020-02-05,148
Coca-Cola,2020-02-06,168
Coca-Cola,2020-02-07,132
Coca-Cola,2020-02-08,146
Coca-Cola,2020-02-09,97
Coca-Cola,2020-02-10,147
Coca-Cola,2020-02-11,151
Coca-Cola,2020-02-12,135
Coca-Cola,2020-02-13,140
Coca-Cola,2020-02-14,142
Coca-Cola,2020-02-15,127
Coca-Cola,2020-02-16,119
Coca-Cola,2020-02-17,147
Coca-Cola,2020-02-18,202
Coca-Cola,2020-02-19,211
Coca-Cola,2020-02-20,174
Coca-Cola,2020-02-21,184
Coca-Cola,2020-02-22,147
Coca-Cola,2020-02-23,115
Coca-Cola,2020-02-24,153
Coca-Cola,2020-02-25,153
Coca-Cola,2020-02-26,148
Coca-Cola,2020-02-27,182
Coca-Cola,2020-02-28,130
Coca-Cola,2020-02-29,131
Coca-Cola,2020-03-01,116
Coca-Cola,2020-03-02,121
Coca-Cola,2020-03-03,136
Coca-Cola,2020-03-04,155
Coca-Cola,2020-03-05,162
Coca-Cola,2020-03-06,153
Coca-Cola,2020-03-07,137
Coca-Cola,2020-03-08,134
Coca-Cola,2020-03-09,147
Coca-Cola,2020-03-10,147
Coca-Cola,2020-03-11,146
Coca-Cola,2020-03-12,209
Coca-Cola,2020-03-13,157
Coca-Cola,2020-03-14,160
Coca-Cola,2020-03-15,127
Coca-Cola,2020-03-16,100
Coca-Cola,2020-03-17,121
Coca-Cola,2020-03-18,117
Coca-Cola,2020-03-19,115
Coca-Cola,2020-03-20,120
Coca-Cola,2020-03-21,154
Coca-Cola,2020-03-22,120
Coca-Cola,2020-03-23,148
Coca-Cola,2020-03-24,163
Coca-Cola,2020-03-25,119
Coca-Cola,2020-03-26,128
Coca-Cola,2020-03-27,134
Coca-Cola,2020-03-28,106
Coca-Cola,2020-03-29,146
Coca-Cola,2020-03-30,162
Coca-Cola,2020-03-31,156
Coca-Cola,2020-04-01,116
Coca-Cola,2020-04-02,125
Coca-Cola,2020-04-03,133
Coca-Cola,2020-04-04,95
Coca-Cola,2020-04-05,120
Coca-Cola,2020-04-06,116
Coca-Cola,2020-04-07,120
Coca-Cola,2020-04-08,103
Coca-Cola,2020-04-09,138
Coca-Cola,2020-04-10,199
Coca-Cola,2020-04-11,226
Coca-Cola,2020-04-12,151
Coca-Cola,2020-04-13,111
Coca-Cola,2020-04-14,130
Coca-Cola,2020-04-15,125
Coca-Cola,2020-04-16,153
Coca-Cola,2020-04-17,129
Coca-Cola,2020-04-18,114
Coca-Cola,2020-04-19,116
Coca-Cola,2020-04-20,149
Coca-Cola,2020-04-21,197
Coca-Cola,2020-04-22,143
Coca-Cola,2020-04-23,168
Coca-Cola,2020-04-24,169
Coca-Cola,2020-04-25,121
Coca-Cola,2020-04-26,102
Coca-Cola,2020-04-27,177
Coca-Cola,2020-04-28,150
Coca-Cola,2020-04-29,174
Coca-Cola,2020-04-30,169
Coca-Cola,2020-05-01,152
Coca-Cola,2020-05-02,131
Coca-Cola,2020-05-03,142
Coca-Cola,2020-05-04,149
Coca-Cola,2020-05-05,145
Coca-Cola,2020-05-06,149
Coca-Cola,2020-05-07,165
Coca-Cola,2020-05-08,255
Coca-Cola,2020-05-09,136
Coca-Cola,2020-05-10,99
Coca-Cola,2020-05-11,127
Coca-Cola,2020-05-12,133
Coca-Cola,2020-05-13,129
Coca-Cola,2020-05-14,121
Coca-Cola,2020-05-15,121
Coca-Cola,2020-05-16,122
Coca-Cola,2020-05-17,141
Coca-Cola,2020-05-18,140
Coca-Cola,2020-05-19,140
Coca-Cola,2020-05-20,163
Coca-Cola,2020-05-21,168
Coca-Cola,2020-05-22,131
Coca-Cola,2020-05-23,139
Coca-Cola,2020-05-24,157
Coca-Cola,2020-05-25,301
Coca-Cola,2020-05-26,154
Coca-Cola,2020-05-27,172
Coca-Cola,2020-05-28,125
Coca-Cola,2020-05-29,138
Coca-Cola,2020-05-30,113
Coca-Cola,2020-05-31,122
Coca-Cola,2020-06-01,132
Coca-Cola,2020-06-02,116
Coca-Cola,2020-06-03,112
Coca-Cola,2020-06-04,117
Coca-Cola,2020-06-05,135
Coca-Cola,2020-06-06,107
Coca-Cola,2020-06-07,102
Coca-Cola,2020-06-08,116
Coca-Cola,2020-06-09,178
Coca-Cola,2020-06-10,195
Coca-Cola,2020-06-11,237
Coca-Cola,2020-06-12,217
Coca-Cola,2020-06-13,352
Coca-Cola,2020-06-14,262
Coca-Cola,2020-06-15,164
Coca-Cola,2020-06-16,139
Coca-Cola,2020-06-17,251
Coca-Cola,2020-06-18,190
Coca-Cola,2020-06-19,140
Coca-Cola,2020-06-20,161
Coca-Cola,2020-06-21,125
Coca-Cola,2020-06-22,126
Coca-Cola,2020-06-23,144
Coca-Cola,2020-06-24,165
Coca-Cola,2020-06-25,210
Coca-Cola,2020-06-26,181
Coca-Cola,2020-06-27,604
Coca-Cola,2020-06-28,298
Coca-Cola,2020-06-29,280
Coca-Cola,2020-06-30,223
Coca-Cola,2020-07-01,230
Coca-Cola,2020-07-02,205
Coca-Cola,2020-07-03,176
Coca-Cola,2020-07-04,139
Coca-Cola,2020-07-05,130
Coca-Cola,2020-07-06,162
Coca-Cola,2020-07-07,228
Coca-Cola,2020-07-08,151
Coca-Cola,2020-07-09,148
Coca-Cola,2020-07-10,154
Coca-Cola,2020-07-11,113
Coca-Cola,2020-07-12,122
Coca-Cola,2020-07-13,122
Coca-Cola,2020-07-14,163
Coca-Cola,2020-07-15,150
Coca-Cola,2020-07-16,143
Coca-Cola,2020-07-17,176
Coca-Cola,2020-07-18,105
Coca-Cola,2020-07-19,168
Coca-Cola,2020-07-20,180
Coca-Cola,2020-07-21,416
Coca-Cola,2020-07-22,303
Coca-Cola,2020-07-23,228
Coca-Cola,2020-07-24,195
Coca-Cola,2020-07-25,139
Coca-Cola,2020-07-26,155
Coca-Cola,2020-07-27,201
Coca-Cola,2020-07-28,216
Coca-Cola,2020-07-29,177
Coca-Cola,2020-07-30,168
Coca-Cola,2020-07-31,147
Coca-Cola,2020-08-01,109
Coca-Cola,2020-08-02,135
Coca-Cola,2020-08-03,191
Coca-Cola,2020-08-04,175
Coca-Cola,2020-08-05,234
Coca-Cola,2020-08-06,241
Coca-Cola,2020-08-07,197
Coca-Cola,2020-08-08,163
Coca-Cola,2020-08-09,179
Coca-Cola,2020-08-10,178
Coca-Cola,2020-08-11,190
Coca-Cola,2020-08-12,176
Coca-Cola,2020-08-13,234
Coca-Cola,2020-08-14,174
Coca-Cola,2020-08-15,165
Coca-Cola,2020-08-16,127
Coca-Cola,2020-08-17,165
Coca-Cola,2020-08-18,198
Coca-Cola,2020-08-19,151
Coca-Cola,2020-08-20,178
Coca-Cola,2020-08-21,183
Coca-Cola,2020-08-22,107
Coca-Cola,2020-08-23,114
Coca-Cola,2020-08-24,157
Coca-Cola,2020-08-25,150
Coca-Cola,2020-08-26,139
Coca-Cola,2020-08-27,151
Coca-Cola,2020-08-28,288
Coca-Cola,2020-08-29,203
Coca-Cola,2020-08-30,127
Coca-Cola,2020-08-31,154
Coca-Cola,2020-09-01,149
Coca-Cola,2020-09-02,156
Coca-Cola,2020-09-03,134
Coca-Cola,2020-09-04,201
Coca-Cola,2020-09-05,158
Coca-Cola,2020-09-06,117
Coca-Cola,2020-09-07,135
Coca-Cola,2020-09-08,124
Coca-Cola,2020-09-09,123
Coca-Cola,2020-09-10,147
Coca-Cola,2020-09-11,156
Coca-Cola,2020-09-12,110
Coca-Cola,2020-09-13,98
Coca-Cola,2020-09-14,103
Coca-Cola,2020-09-15,132
Coca-Cola,2020-09-16,102
Coca-Cola,2020-09-17,120
Coca-Cola,2020-09-18,137
Coca-Cola,2020-09-19,115
Coca-Cola,2020-09-20,120
Coca-Cola,2020-09-21,282
Coca-Cola,2020-09-22,219
Coca-Cola,2020-09-23,140
Coca-Cola,2020-09-24,131
Coca-Cola,2020-09-25,154
Coca-Cola,2020-09-26,112
Coca-Cola,2020-09-27,123
Coca-Cola,2020-09-28,140
Coca-Cola,2020-09-29,181
Coca-Cola,2020-09-30,393
Coca-Cola,2020-10-01,244
Coca-Cola,2020-10-02,138
Coca-Cola,2020-10-03,86
Coca-Cola,2020-10-04,121
Coca-Cola,2020-10-05,119
Coca-Cola,2020-10-06,97
Coca-Cola,2020-10-07,106
Coca-Cola,2020-10-08,123
Coca-Cola,2020-10-09,138
Coca-Cola,2020-10-10,103
Coca-Cola,2020-10-11,107
Coca-Cola,2020-10-12,107
Coca-Cola,2020-10-13,118
Coca-Cola,2020-10-14,129
Coca-Cola,2020-10-15,119
Coca-Cola,2020-10-16,228
Coca-Cola,2020-10-17,151
Coca-Cola,2020-10-18,146
Coca-Cola,2020-10-19,173
Coca-Cola,2020-10-20,182
Coca-Cola,2020-10-21,150
Coca-Cola,2020-10-22,199
Coca-Cola,2020-10-23,198
Coca-Cola,2020-10-24,138
Coca-Cola,2020-10-25,139
Coca-Cola,2020-10-26,278
Coca-Cola,2020-10-27,178
Coca-Cola,2020-10-28,187
Coca-Cola,2020-10-29,171
Coca-Cola,2020-10-30,305
HM,2019-07-01,152
HM,2019-07-02,165
HM,2019-07-03,171
HM,2019-07-04,173
HM,2019-07-05,180
HM,2019-07-06,149
HM,2019-07-07,201
HM,2019-07-08,193
HM,2019-07-09,154
HM,2019-07-10,167
HM,2019-07-11,184
HM,2019-07-12,199
HM,2019-07-13,175
HM,2019-07-14,174
HM,2019-07-15,181
HM,2019-07-16,170
HM,2019-07-17,191
HM,2019-07-18,162
HM,2019-07-19,163
HM,2019-07-20,151
HM,2019-07-21,185
HM,2019-07-22,194
HM,2019-07-23,175
HM,2019-07-24,190
HM,2019-07-25,171
HM,2019-07-26,184
HM,2019-07-27,189
HM,2019-07-28,154
HM,2019-07-29,183
HM,2019-07-30,185
HM,2019-07-31,194
HM,2019-08-01,231
HM,2019-08-02,186
HM,2019-08-03,184
HM,2019-08-04,176
HM,2019-08-05,187
HM,2019-08-06,214
HM,2019-08-07,251
HM,2019-08-08,197
HM,2019-08-09,171
HM,2019-08-10,160
HM,2019-08-11,176
HM,2019-08-12,163
HM,2019-08-13,184
HM,2019-08-14,201
HM,2019-08-15,186
HM,2019-08-16,202
HM,2019-08-17,147
HM,2019-08-18,159
HM,2019-08-19,177
HM,2019-08-20,203
HM,2019-08-21,181
HM,2019-08-22,191
HM,2019-08-23,186
HM,2019-08-24,199
HM,2019-08-25,157
HM,2019-08-26,179
HM,2019-08-27,172
HM,2019-08-28,240
HM,2019-08-29,191
HM,2019-08-30,187
HM,2019-08-31,176
HM,2019-09-01,188
HM,2019-09-02,168
HM,2019-09-03,185
HM,2019-09-04,170
HM,2019-09-05,177
HM,2019-09-06,189
HM,2019-09-07,185
HM,2019-09-08,187
HM,2019-09-09,188
HM,2019-09-10,185
HM,2019-09-11,188
HM,2019-09-12,178
HM,2019-09-13,201
HM,2019-09-14,177
HM,2019-09-15,197
HM,2019-09-16,193
HM,2019-09-17,209
HM,2019-09-18,205
HM,2019-09-19,189
HM,2019-09-20,243
HM,2019-09-21,168
HM,2019-09-22,214
HM,2019-09-23,174
HM,2019-09-24,241
HM,2019-09-25,224
HM,2019-09-26,219
HM,2019-09-27,207
HM,2019-09-28,198
HM,2019-09-29,196
HM,2019-09-30,179
HM,2019-10-01,157
HM,2019-10-02,146
HM,2019-10-03,197
HM,2019-10-04,233
HM,2019-10-05,194
HM,2019-10-06,176
HM,2019-10-07,203
HM,2019-10-08,211
HM,2019-10-09,187
HM,2019-10-10,184
HM,2019-10-11,210
HM,2019-10-12,173
HM,2019-10-13,184
HM,2019-10-14,221
HM,2019-10-15,212
HM,2019-10-16,213
HM,2019-10-17,230
HM,2019-10-18,183
HM,2019-10-19,179
HM,2019-10-20,185
HM,2019-10-21,168
HM,2019-10-22,193
HM,2019-10-23,172
HM,2019-10-24,179
HM,2019-10-25,155
HM,2019-10-26,181
HM,2019-10-27,164
HM,2019-10-28,189
HM,2019-10-29,187
HM,2019-10-30,237
HM,2019-10-31,204
HM,2019-11-01,188
HM,2019-11-02,165
HM,2019-11-03,177
HM,2019-11-04,172
HM,2019-11-05,174
HM,2019-11-06,195
HM,2019-11-07,196
HM,2019-11-08,124
HM,2019-11-09,88
HM,2019-11-10,64
HM,2019-11-11,94
HM,2019-11-12,71
HM,2019-11-13,111
HM,2019-11-14,93
HM,2019-11-15,73
HM,2019-11-16,65
HM,2019-11-17,63
HM,2019-11-18,96
HM,2019-11-19,113
HM,2019-11-20,89
HM,2019-11-21,98
HM,2019-11-22,89
HM,2019-11-23,66
HM,2019-11-24,119
HM,2019-11-25,72
HM,2019-11-26,79
HM,2019-11-27,102
HM,2019-11-28,96
HM,2019-11-29,118
HM,2019-11-30,104
HM,2019-12-01,85
HM,2019-12-02,103
HM,2019-12-03,99
HM,2019-12-04,100
HM,2019-12-05,133
HM,2019-12-06,134
HM,2019-12-07,94
HM,2019-12-08,94
HM,2019-12-09,104
HM,2019-12-10,118
HM,2019-12-11,133
HM,2019-12-12,123
HM,2019-12-13,71
HM,2019-12-14,89
HM,2019-12-15,115
HM,2019-12-16,101
HM,2019-12-17,111
HM,2019-12-18,131
HM,2019-12-19,118
HM,2019-12-20,122
HM,2019-12-21,96
HM,2019-12-22,108
HM,2019-12-23,111
HM,2019-12-24,81
HM,2019-12-25,92
HM,2019-12-26,91
HM,2019-12-27,101
HM,2019-12-28,78
HM,2019-12-29,82
HM,2019-12-30,91
HM,2019-12-31,81
HM,2020-01-01,105
HM,2020-01-02,106
HM,2020-01-03,108
HM,2020-01-04,108
HM,2020-01-05,131
HM,2020-01-06,123
HM,2020-01-07,116
HM,2020-01-08,122
HM,2020-01-09,342
HM,2020-01-10,115
HM,2020-01-11,95
HM,2020-01-12,85
HM,2020-01-13,122
HM,2020-01-14,94
HM,2020-01-15,140
HM,2020-01-16,96
HM,2020-01-17,67
HM,2020-01-18,119
HM,2020-01-19,100
HM,2020-01-20,117
HM,2020-01-21,121
HM,2020-01-22,143
HM,2020-01-23,195
HM,2020-01-24,221
HM,2020-01-25,169
HM,2020-01-26,175
HM,2020-01-27,168
HM,2020-01-28,150
HM,2020-01-29,195
HM,2020-01-30,258
HM,2020-01-31,195
HM,2020-02-01,181
HM,2020-02-02,173
HM,2020-02-03,178
HM,2020-02-04,205
HM,2020-02-05,171
HM,2020-02-06,171
HM,2020-02-07,177
HM,2020-02-08,144
HM,2020-02-09,163
HM,2020-02-10,152
HM,2020-02-11,182
HM,2020-02-12,149
HM,2020-02-13,155
HM,2020-02-14,186
HM,2020-02-15,181
HM,2020-02-16,161
HM,2020-02-17,159
HM,2020-02-18,169
HM,2020-02-19,193
HM,2020-02-20,164
HM,2020-02-21,122
HM,2020-02-22,164
HM,2020-02-23,198
HM,2020-02-24,204
HM,2020-02-25,229
HM,2020-02-26,241
HM,2020-02-27,204
HM,2020-02-28,192
HM,2020-02-29,179
HM,2020-03-01,204
HM,2020-03-02,199
HM,2020-03-03,189
HM,2020-03-04,176
HM,2020-03-05,233
HM,2020-03-06,183
HM,2020-03-07,174
HM,2020-03-08,167
HM,2020-03-09,182
HM,2020-03-10,144
HM,2020-03-11,195
HM,2020-03-12,157
HM,2020-03-13,166
HM,2020-03-14,198
HM,2020-03-15,159
HM,2020-03-16,127
HM,2020-03-17,142
HM,2020-03-18,128
HM,2020-03-19,134
HM,2020-03-20,137
HM,2020-03-21,126
HM,2020-03-22,94
HM,2020-03-23,110
HM,2020-03-24,137
HM,2020-03-25,119
HM,2020-03-26,147
HM,2020-03-27,168
HM,2020-03-28,298
HM,2020-03-29,200
HM,2020-03-30,174
HM,2020-03-31,133
HM,2020-04-01,152
HM,2020-04-02,159
HM,2020-04-03,142
HM,2020-04-04,64
HM,2020-04-05,141
HM,2020-04-06,166
HM,2020-04-07,140
HM,2020-04-08,157
HM,2020-04-09,139
HM,2020-04-10,138
HM,2020-04-11,142
HM,2020-04-12,147
HM,2020-04-13,141
HM,2020-04-14,174
HM,2020-04-15,176
HM,2020-04-16,177
HM,2020-04-17,164
HM,2020-04-18,169
HM,2020-04-19,157
HM,2020-04-20,189
HM,2020-04-21,178
HM,2020-04-22,176
HM,2020-04-23,159
HM,2020-04-24,177
HM,2020-04-25,160
HM,2020-04-26,160
HM,2020-04-27,146
HM,2020-04-28,183
HM,2020-04-29,200
HM,2020-04-30,189
HM,2020-05-01,188
HM,2020-05-02,160
HM,2020-05-03,198
HM,2020-05-04,217
HM,2020-05-05,202
HM,2020-05-06,213
HM,2020-05-07,196
HM,2020-05-08,190
HM,2020-05-09,210
HM,2020-05-10,175
HM,2020-05-11,152
HM,2020-05-12,156
HM,2020-05-13,169
HM,2020-05-14,189
HM,2020-05-15,166
HM,2020-05-16,146
HM,2020-05-17,154
HM,2020-05-18,181
HM,2020-05-19,190
HM,2020-05-20,186
HM,2020-05-21,184
HM,2020-05-22,219
HM,2020-05-23,236
HM,2020-05-24,215
HM,2020-05-25,200
HM,2020-05-26,210
HM,2020-05-27,191
HM,2020-05-28,182
HM,2020-05-29,183
HM,2020-05-30,175
HM,2020-05-31,185
HM,2020-06-01,177
HM,2020-06-02,152
HM,2020-06-03,170
HM,2020-06-04,212
HM,2020-06-05,189
HM,2020-06-06,145
HM,2020-06-07,214
HM,2020-06-08,217
HM,2020-06-09,216
HM,2020-06-10,157
HM,2020-06-11,185
HM,2020-06-12,174
HM,2020-06-13,146
HM,2020-06-14,187
HM,2020-06-15,189
HM,2020-06-16,204
HM,2020-06-17,186
HM,2020-06-18,145
HM,2020-06-19,183
HM,2020-06-20,181
HM,2020-06-21,161
HM,2020-06-22,148
HM,2020-06-23,173
HM,2020-06-24,168
HM,2020-06-25,200
HM,2020-06-26,199
HM,2020-06-27,183
HM,2020-06-28,187
HM,2020-06-29,204
HM,2020-06-30,208
HM,2020-07-01,160
HM,2020-07-02,73
HM,2020-07-03,94
HM,2020-07-04,138
HM,2020-07-05,143
HM,2020-07-06,131
HM,2020-07-07,180
HM,2020-07-08,159
HM,2020-07-09,152
HM,2020-07-10,157
HM,2020-07-11,136
HM,2020-07-12,173
HM,2020-07-13,174
HM,2020-07-14,185
HM,2020-07-15,177
HM,2020-07-16,188
HM,2020-07-17,162
HM,2020-07-18,160
HM,2020-07-19,152
HM,2020-07-20,168
HM,2020-07-21,165
HM,2020-07-22,168
HM,2020-07-23,178
HM,2020-07-24,152
HM,2020-07-25,156
HM,2020-07-26,161
HM,2020-07-27,157
HM,2020-07-28,193
HM,2020-07-29,153
HM,2020-07-30,199
HM,2020-07-31,177
HM,2020-08-01,147
HM,2020-08-02,197
HM,2020-08-03,193
HM,2020-08-04,170
HM,2020-08-05,180
HM,2020-08-06,188
HM,2020-08-07,148
HM,2020-08-08,141
HM,2020-08-09,153
HM,2020-08-10,189
HM,2020-08-11,180
HM,2020-08-12,161
HM,2020-08-13,164
HM,2020-08-14,176
HM,2020-08-15,173
HM,2020-08-16,158
HM,2020-08-17,175
HM,2020-08-18,201
HM,2020-08-19,170
HM,2020-08-20,196
HM,2020-08-21,166
HM,2020-08-22,153
HM,2020-08-23,163
HM,2020-08-24,173
HM,2020-08-25,191
HM,2020-08-26,180
HM,2020-08-27,148
HM,2020-08-28,173
HM,2020-08-29,191
HM,2020-08-30,154
HM,2020-08-31,201
HM,2020-09-01,206
HM,2020-09-02,179
HM,2020-09-03,180
HM,2020-09-04,151
HM,2020-09-05,154
HM,2020-09-06,130
HM,2020-09-07,168
HM,2020-09-08,206
HM,2020-09-09,173
HM,2020-09-10,151
HM,2020-09-11,162
HM,2020-09-12,158
HM,2020-09-13,173
HM,2020-09-14,174
HM,2020-09-15,215
HM,2020-09-16,184
HM,2020-09-17,189
HM,2020-09-18,199
HM,2020-09-19,151
HM,2020-09-20,167
HM,2020-09-21,165
HM,2020-09-22,163
HM,2020-09-23,206
HM,2020-09-24,161
HM,2020-09-25,180
HM,2020-09-26,136
HM,2020-09-27,164
HM,2020-09-28,152
HM,2020-09-29,168
HM,2020-09-30,156
HM,2020-10-01,203
HM,2020-10-02,193
HM,2020-10-03,168
HM,2020-10-04,186
HM,2020-10-05,194
HM,2020-10-06,187
HM,2020-10-07,160
HM,2020-10-08,183
HM,2020-10-09,148
HM,2020-10-10,141
HM,2020-10-11,155
HM,2020-10-12,170
HM,2020-10-13,131
HM,2020-10-14,192
HM,2020-10-15,168
HM,2020-10-16,172
HM,2020-10-17,176
HM,2020-10-18,178
HM,2020-10-19,170
HM,2020-10-20,185
HM,2020-10-21,169
HM,2020-10-22,168
HM,2020-10-23,185
HM,2020-10-24,143
HM,2020-10-25,168
HM,2020-10-26,192
HM,2020-10-27,198
HM,2020-10-28,183
HM,2020-10-29,182
HM,2020-10-30,178
Nike,2019-07-01,1520
Nike,2019-07-02,5808
Nike,2019-07-03,4810
Nike,2019-07-04,2884
Nike,2019-07-05,1996
Nike,2019-07-06,1760
Nike,2019-07-07,1968
Nike,2019-07-08,1938
Nike,2019-07-09,1721
Nike,2019-07-10,2554
Nike,2019-07-11,2325
Nike,2019-07-12,1904
Nike,2019-07-13,1757
Nike,2019-07-14,1430
Nike,2019-07-15,1561
Nike,2019-07-16,1690
Nike,2019-07-17,1533
Nike,2019-07-18,1516
Nike,2019-07-19,1527
Nike,2019-07-20,1454
Nike,2019-07-21,1458
Nike,2019-07-22,1443
Nike,2019-07-23,1498
Nike,2019-07-24,1948
Nike,2019-07-25,1724
Nike,2019-07-26,1639
Nike,2019-07-27,1444
Nike,2019-07-28,1266
Nike,2019-07-29,1376
Nike,2019-07-30,1582
Nike,2019-07-31,1629
Nike,2019-08-01,1925
Nike,2019-08-02,1439
Nike,2019-08-03,1444
Nike,2019-08-04,1269
Nike,2019-08-05,1481
Nike,2019-08-06,1548
Nike,2019-08-07,1499
Nike,2019-08-08,1513
Nike,2019-08-09,1778
Nike,2019-08-10,1485
Nike,2019-08-11,1495
Nike,2019-08-12,1810
Nike,2019-08-13,1689
Nike,2019-08-14,1631
Nike,2019-08-15,1601
Nike,2019-08-16,1602
Nike,2019-08-17,1517
Nike,2019-08-18,1300
Nike,2019-08-19,1547
Nike,2019-08-20,1478
Nike,2019-08-21,1437
Nike,2019-08-22,1596
Nike,2019-08-23,1441
Nike,2019-08-24,1354
Nike,2019-08-25,1495
Nike,2019-08-26,1746
Nike,2019-08-27,1622
Nike,2019-08-28,2065
Nike,2019-08-29,1685
Nike,2019-08-30,1585
Nike,2019-08-31,1543
Nike,2019-09-01,1377
Nike,2019-09-02,1447
Nike,2019-09-03,1361
Nike,2019-09-04,1455
Nike,2019-09-05,1468
Nike,2019-09-06,1579
Nike,2019-09-07,1443
Nike,2019-09-08,1335
Nike,2019-09-09,1400
Nike,2019-09-10,1552
Nike,2019-09-11,1564
Nike,2019-09-12,1566
Nike,2019-09-13,1511
Nike,2019-09-14,1440
Nike,2019-09-15,1382
Nike,2019-09-16,1541
Nike,2019-09-17,1584
Nike,2019-09-18,1534
Nike,2019-09-19,1687
Nike,2019-09-20,1534
Nike,2019-09-21,1377
Nike,2019-09-22,1273
Nike,2019-09-23,1425
Nike,2019-09-24,1429
Nike,2019-09-25,1560
Nike,2019-09-26,1638
Nike,2019-09-27,1474
Nike,2019-09-28,1365
Nike,2019-09-29,1226
Nike,2019-09-30,1461
Nike,2019-10-01,1500
Nike,2019-10-02,1298
Nike,2019-10-03,1583
Nike,2019-10-04,1569
Nike,2019-10-05,1423
Nike,2019-10-06,1358
Nike,2019-10-07,1419
Nike,2019-10-08,1523
Nike,2019-10-09,1533
Nike,2019-10-10,2257
Nike,2019-10-11,1901
Nike,2019-10-12,1805
Nike,2019-10-13,1964
Nike,2019-10-14,1810
Nike,2019-10-15,1635
Nike,2019-10-16,1679
Nike,2019-10-17,1633
Nike,2019-10-18,1651
Nike,2019-10-19,1591
Nike,2019-10-20,1712
Nike,2019-10-21,1610
Nike,2019-10-22,1467
Nike,2019-10-23,1743
Nike,2019-10-24,1819
Nike,2019-10-25,1837
Nike,2019-10-26,1513
Nike,2019-10-27,1394
Nike,2019-10-28,1569
Nike,2019-10-29,1544
Nike,2019-10-30,1466
Nike,2019-10-31,1405
Nike,2019-11-01,1475
Nike,2019-11-02,1268
Nike,2019-11-03,1262
Nike,2019-11-04,1514
Nike,2019-11-05,1607
Nike,2019-11-06,1342
Nike,2019-11-07,1547
Nike,2019-11-08,1312
Nike,2019-11-09,1088
Nike,2019-11-10,965
Nike,2019-11-11,1088
Nike,2019-11-12,1020
Nike,2019-11-13,1269
Nike,2019-11-14,1243
Nike,2019-11-15,1213
Nike,2019-11-16,1133
Nike,2019-11-17,1026
Nike,2019-11-18,993
Nike,2019-11-19,1036
Nike,2019-11-20,1117
Nike,2019-11-21,992
Nike,2019-11-22,1122
Nike,2019-11-23,1409
Nike,2019-11-24,960
Nike,2019-11-25,1036
Nike,2019-11-26,1088
Nike,2019-11-27,1021
Nike,2019-11-28,1104
Nike,2019-11-29,1003
Nike,2019-11-30,974
Nike,2019-12-01,915
Nike,2019-12-02,947
Nike,2019-12-03,1022
Nike,2019-12-04,1056
Nike,2019-12-05,1108
Nike,2019-12-06,1029
Nike,2019-12-07,1042
Nike,2019-12-08,900
Nike,2019-12-09,1026
Nike,2019-12-10,1126
Nike,2019-12-11,1209
Nike,2019-12-12,1041
Nike,2019-12-13,1120
Nike,2019-12-14,1038
Nike,2019-12-15,895
Nike,2019-12-16,894
Nike,2019-12-17,953
Nike,2019-12-18,980
Nike,2019-12-19,1004
Nike,2019-12-20,1082
Nike,2019-12-21,929
Nike,2019-12-22,887
Nike,2019-12-23,853
Nike,2019-12-24,955
Nike,2019-12-25,760
Nike,2019-12-26,826
Nike,2019-12-27,906
Nike,2019-12-28,857
Nike,2019-12-29,873
Nike,2019-12-30,1023
Nike,2019-12-31,966
Nike,2020-01-01,748
Nike,2020-01-02,1190
Nike,2020-01-03,1112
Nike,2020-01-04,989
Nike,2020-01-05,1195
Nike,2020-01-06,1023
Nike,2020-01-07,1208
Nike,2020-01-08,1146
Nike,2020-01-09,1059
Nike,2020-01-10,1077
Nike,2020-01-11,1014
Nike,2020-01-12,1036
Nike,2020-01-13,1099
Nike,2020-01-14,1155
Nike,2020-01-15,1210
Nike,2020-01-16,1349
Nike,2020-01-17,1231
Nike,2020-01-18,1118
Nike,2020-01-19,1123
Nike,2020-01-20,1138
Nike,2020-01-21,1101
Nike,2020-01-22,1167
Nike,2020-01-23,1408
Nike,2020-01-24,1740
Nike,2020-01-25,1743
Nike,2020-01-26,1510
Nike,2020-01-27,1326
Nike,2020-01-28,1504
Nike,2020-01-29,1475
Nike,2020-01-30,1567
Nike,2020-01-31,1551
Nike,2020-02-01,1569
Nike,2020-02-02,1409
Nike,2020-02-03,1305
Nike,2020-02-04,1411
Nike,2020-02-05,1609
Nike,2020-02-06,1871
Nike,2020-02-07,1583
Nike,2020-02-08,1600
Nike,2020-02-09,1497
Nike,2020-02-10,1415
Nike,2020-02-11,1475
Nike,2020-02-12,1490
Nike,2020-02-13,1581
Nike,2020-02-14,1588
Nike,2020-02-15,1624
Nike,2020-02-16,1355
Nike,2020-02-17,1632
Nike,2020-02-18,1540
Nike,2020-02-19,1462
Nike,2020-02-20,1410
Nike,2020-02-21,1369
Nike,2020-02-22,1346
Nike,2020-02-23,1448
Nike,2020-02-24,1507
Nike,2020-02-25,1600
Nike,2020-02-26,1560
Nike,2020-02-27,1557
Nike,2020-02-28,1500
Nike,2020-02-29,1643
Nike,2020-03-01,1630
Nike,2020-03-02,1540
Nike,2020-03-03,1511
Nike,2020-03-04,1702
Nike,2020-03-05,1508
Nike,2020-03-06,1553
Nike,2020-03-07,1447
Nike,2020-03-08,1386
Nike,2020-03-09,1467
Nike,2020-03-10,1522
Nike,2020-03-11,1519
Nike,2020-03-12,1635
Nike,2020-03-13,1474
Nike,2020-03-14,1392
Nike,2020-03-15,1616
Nike,2020-03-16,1304
Nike,2020-03-17,1357
Nike,2020-03-18,1345
Nike,2020-03-19,1406
Nike,2020-03-20,1569
Nike,2020-03-21,1467
Nike,2020-03-22,1312
Nike,2020-03-23,1333
Nike,2020-03-24,1505
Nike,2020-03-25,1626
Nike,2020-03-26,2029
Nike,2020-03-27,1558
Nike,2020-03-28,1591
Nike,2020-03-29,1397
Nike,2020-03-30,1330
Nike,2020-03-31,1398
Nike,2020-04-01,1364
Nike,2020-04-02,1410
Nike,2020-04-03,1508
Nike,2020-04-04,1124
Nike,2020-04-05,1570
Nike,2020-04-06,1469
Nike,2020-04-07,1412
Nike,2020-04-08,1472
Nike,2020-04-09,1419
Nike,2020-04-10,1400
Nike,2020-04-11,1400
Nike,2020-04-12,1273
Nike,2020-04-13,1521
Nike,2020-04-14,1421
Nike,2020-04-15,1444
Nike,2020-04-16,1489
Nike,2020-04-17,1486
Nike,2020-04-18,1464
Nike,2020-04-19,1392
Nike,2020-04-20,1521
Nike,2020-04-21,1607
Nike,2020-04-22,1633
Nike,2020-04-23,1500
Nike,2020-04-24,1489
Nike,2020-04-25,1496
Nike,2020-04-26,1348
Nike,2020-04-27,1505
Nike,2020-04-28,1542
Nike,2020-04-29,1523
Nike,2020-04-30,1557
Nike,2020-05-01,1514
Nike,2020-05-02,1558
Nike,2020-05-03,1359
Nike,2020-05-04,1874
Nike,2020-05-05,1558
Nike,2020-05-06,1596
Nike,2020-05-07,1758
Nike,2020-05-08,1570
Nike,2020-05-09,1514
Nike,2020-05-10,1320
Nike,2020-05-11,1442
Nike,2020-05-12,1495
Nike,2020-05-13,1694
Nike,2020-05-14,1573
Nike,2020-05-15,1742
Nike,2020-05-16,1802
Nike,2020-05-17,1553
Nike,2020-05-18,1688
Nike,2020-05-19,1645
Nike,2020-05-20,1642
Nike,2020-05-21,1655
Nike,2020-05-22,1714
Nike,2020-05-23,1627
Nike,2020-05-24,1726
Nike,2020-05-25,1617
Nike,2020-05-26,1824
Nike,2020-05-27,1632
Nike,2020-05-28,1604
Nike,2020-05-29,1799
Nike,2020-05-30,1970
Nike,2020-05-31,1976
Nike,2020-06-01,1801
Nike,2020-06-02,1566
Nike,2020-06-03,1539
Nike,2020-06-04,1615
Nike,2020-06-05,1652
Nike,2020-06-06,1645
Nike,2020-06-07,1697
Nike,2020-06-08,2087
Nike,2020-06-09,2061
Nike,2020-06-10,2026
Nike,2020-06-11,1706
Nike,2020-06-12,1729
Nike,2020-06-13,1644
Nike,2020-06-14,1474
Nike,2020-06-15,1483
Nike,2020-06-16,1644
Nike,2020-06-17,1592
Nike,2020-06-18,1572
Nike,2020-06-19,1492
Nike,2020-06-20,1537
Nike,2020-06-21,1443
Nike,2020-06-22,1598
Nike,2020-06-23,1670
Nike,2020-06-24,1719
Nike,2020-06-25,1765
Nike,2020-06-26,1740
Nike,2020-06-27,1598
Nike,2020-06-28,1474
Nike,2020-06-29,1680
Nike,2020-06-30,2045
Nike,2020-07-01,1661
Nike,2020-07-02,1439
Nike,2020-07-03,1666
Nike,2020-07-04,1376
Nike,2020-07-05,1466
Nike,2020-07-06,1564
Nike,2020-07-07,1874
Nike,2020-07-08,1750
Nike,2020-07-09,1693
Nike,2020-07-10,1808
Nike,2020-07-11,1630
Nike,2020-07-12,1420
Nike,2020-07-13,1683
Nike,2020-07-14,1632
Nike,2020-07-15,1746
Nike,2020-07-16,1833
Nike,2020-07-17,1757
Nike,2020-07-18,1596
Nike,2020-07-19,1570
Nike,2020-07-20,1607
Nike,2020-07-21,1692
Nike,2020-07-22,1808
Nike,2020-07-23,1758
Nike,2020-07-24,2048
Nike,2020-07-25,1838
Nike,2020-07-26,1744
Nike,2020-07-27,1846
Nike,2020-07-28,1772
Nike,2020-07-29,1817
Nike,2020-07-30,2558
Nike,2020-07-31,3240
Nike,2020-08-01,2799
Nike,2020-08-02,2070
Nike,2020-08-03,2101
Nike,2020-08-04,1994
Nike,2020-08-05,1937
Nike,2020-08-06,2020
Nike,2020-08-07,1919
Nike,2020-08-08,1841
Nike,2020-08-09,1827
Nike,2020-08-10,1789
Nike,2020-08-11,2022
Nike,2020-08-12,1798
Nike,2020-08-13,1838
Nike,2020-08-14,1840
Nike,2020-08-15,1666
Nike,2020-08-16,1489
Nike,2020-08-17,1488
Nike,2020-08-18,1503
Nike,2020-08-19,1820
Nike,2020-08-20,1756
Nike,2020-08-21,2237
Nike,2020-08-22,1810
Nike,2020-08-23,1576
Nike,2020-08-24,1824
Nike,2020-08-25,1785
Nike,2020-08-26,1711
Nike,2020-08-27,1815
Nike,2020-08-28,1622
Nike,2020-08-29,1781
Nike,2020-08-30,1672
Nike,2020-08-31,1699
Nike,2020-09-01,2387
Nike,2020-09-02,1808
Nike,2020-09-03,1739
Nike,2020-09-04,1965
Nike,2020-09-05,1722
Nike,2020-09-06,1550
Nike,2020-09-07,1921
Nike,2020-09-08,1729
Nike,2020-09-09,1569
Nike,2020-09-10,1500
Nike,2020-09-11,1414
Nike,2020-09-12,1584
Nike,2020-09-13,1339
Nike,2020-09-14,1398
Nike,2020-09-15,1472
Nike,2020-09-16,1443
Nike,2020-09-17,1503
Nike,2020-09-18,1454
Nike,2020-09-19,1398
Nike,2020-09-20,1477
Nike,2020-09-21,1396
Nike,2020-09-22,1483
Nike,2020-09-23,1673
Nike,2020-09-24,1565
Nike,2020-09-25,1406
Nike,2020-09-26,1303
Nike,2020-09-27,1237
Nike,2020-09-28,1502
Nike,2020-09-29,1489
Nike,2020-09-30,1353
Nike,2020-10-01,1373
Nike,2020-10-02,1298
Nike,2020-10-03,1325
Nike,2020-10-04,1299
Nike,2020-10-05,1319
Nike,2020-10-06,1437
Nike,2020-10-07,1456
Nike,2020-10-08,1398
Nike,2020-10-09,1303
Nike,2020-10-10,1204
Nike,2020-10-11,1279
Nike,2020-10-12,1213
Nike,2020-10-13,1111
Nike,2020-10-14,1451
Nike,2020-10-15,1364
Nike,2020-10-16,1389
Nike,2020-10-17,1332
Nike,2020-10-18,1236
Nike,2020-10-19,1318
Nike,2020-10-20,1428
Nike,2020-10-21,1334
Nike,2020-10-22,1499
Nike,2020-10-23,1472
Nike,2020-10-24,1419
Nike,2020-10-25,1374
Nike,2020-10-26,1409
Nike,2020-10-27,1430
Nike,2020-10-28,1688
Nike,2020-10-29,1622
Nike,2020-10-30,1486
Starbucks,2019-07-01,421
Starbucks,2019-07-02,410
Starbucks,2019-07-03,438
Starbucks,2019-07-04,430
Starbucks,2019-07-05,385
Starbucks,2019-07-06,1428
Starbucks,2019-07-07,1221
Starbucks,2019-07-08,843
Starbucks,2019-07-09,605
Starbucks,2019-07-10,734
Starbucks,2019-07-11,602
Starbucks,2019-07-12,605
Starbucks,2019-07-13,530
Starbucks,2019-07-14,434
Starbucks,2019-07-15,537
Starbucks,2019-07-16,463
Starbucks,2019-07-17,447
Starbucks,2019-07-18,427
Starbucks,2019-07-19,549
Starbucks,2019-07-20,511
Starbucks,2019-07-21,468
Starbucks,2019-07-22,499
Starbucks,2019-07-23,490
Starbucks,2019-07-24,508
Starbucks,2019-07-25,589
Starbucks,2019-07-26,571
Starbucks,2019-07-27,442
Starbucks,2019-07-28,435
Starbucks,2019-07-29,459
Starbucks,2019-07-30,495
Starbucks,2019-07-31,512
Starbucks,2019-08-01,543
Starbucks,2019-08-02,488
Starbucks,2019-08-03,467
Starbucks,2019-08-04,402
Starbucks,2019-08-05,441
Starbucks,2019-08-06,450
Starbucks,2019-08-07,559
Starbucks,2019-08-08,536
Starbucks,2019-08-09,466
Starbucks,2019-08-10,407
Starbucks,2019-08-11,443
Starbucks,2019-08-12,484
Starbucks,2019-08-13,482
Starbucks,2019-08-14,467
Starbucks,2019-08-15,447
Starbucks,2019-08-16,393
Starbucks,2019-08-17,398
Starbucks,2019-08-18,386
Starbucks,2019-08-19,412
Starbucks,2019-08-20,436
Starbucks,2019-08-21,512
Starbucks,2019-08-22,463
Starbucks,2019-08-23,444
Starbucks,2019-08-24,376
Starbucks,2019-08-25,408
Starbucks,2019-08-26,479
Starbucks,2019-08-27,969
Starbucks,2019-08-28,642
Starbucks,2019-08-29,619
Starbucks,2019-08-30,627
Starbucks,2019-08-31,579
Starbucks,2019-09-01,509
Starbucks,2019-09-02,445
Starbucks,2019-09-03,554
Starbucks,2019-09-04,531
Starbucks,2019-09-05,551
Starbucks,2019-09-06,575
Starbucks,2019-09-07,581
Starbucks,2019-09-08,482
Starbucks,2019-09-09,523
Starbucks,2019-09-10,526
Starbucks,2019-09-11,494
Starbucks,2019-09-12,534
Starbucks,2019-09-13,518
Starbucks,2019-09-14,468
Starbucks,2019-09-15,422
Starbucks,2019-09-16,457
Starbucks,2019-09-17,475
Starbucks,2019-09-18,585
Starbucks,2019-09-19,512
Starbucks,2019-09-20,582
Starbucks,2019-09-21,482
Starbucks,2019-09-22,456
Starbucks,2019-09-23,552
Starbucks,2019-09-24,668
Starbucks,2019-09-25,510
Starbucks,2019-09-26,527
Starbucks,2019-09-27,558
Starbucks,2019-09-28,489
Starbucks,2019-09-29,615
Starbucks,2019-09-30,514
Starbucks,2019-10-01,643
Starbucks,2019-10-02,507
Starbucks,2019-10-03,494
Starbucks,2019-10-04,518
Starbucks,2019-10-05,471
Starbucks,2019-10-06,456
Starbucks,2019-10-07,483
Starbucks,2019-10-08,461
Starbucks,2019-10-09,627
Starbucks,2019-10-10,576
Starbucks,2019-10-11,702
Starbucks,2019-10-12,489
Starbucks,2019-10-13,458
Starbucks,2019-10-14,481
Starbucks,2019-10-15,466
Starbucks,2019-10-16,508
Starbucks,2019-10-17,510
Starbucks,2019-10-18,583
Starbucks,2019-10-19,545
Starbucks,2019-10-20,474
Starbucks,2019-10-21,529
Starbucks,2019-10-22,547
Starbucks,2019-10-23,503
Starbucks,2019-10-24,520
Starbucks,2019-10-25,517
Starbucks,2019-10-26,500
Starbucks,2019-10-27,493
Starbucks,2019-10-28,561
Starbucks,2019-10-29,560
Starbucks,2019-10-30,526
Starbucks,2019-10-31,619
Starbucks,2019-11-01,620
Starbucks,2019-11-02,493
Starbucks,2019-11-03,530
Starbucks,2019-11-04,597
Starbucks,2019-11-05,627
Starbucks,2019-11-06,637
Starbucks,2019-11-07,1532
Starbucks,2019-11-08,812
Starbucks,2019-11-09,563
Starbucks,2019-11-10,516
Starbucks,2019-11-11,468
Starbucks,2019-11-12,510
Starbucks,2019-11-13,578
Starbucks,2019-11-14,569
Starbucks,2019-11-15,572
Starbucks,2019-11-16,552
Starbucks,2019-11-17,472
Starbucks,2019-11-18,447
Starbucks,2019-11-19,476
Starbucks,2019-11-20,480
Starbucks,2019-11-21,537
Starbucks,2019-11-22,520
Starbucks,2019-11-23,425
Starbucks,2019-11-24,383
Starbucks,2019-11-25,428
Starbucks,2019-11-26,419
Starbucks,2019-11-27,377
Starbucks,2019-11-28,412
Starbucks,2019-11-29,632
Starbucks,2019-11-30,578
Starbucks,2019-12-01,537
Starbucks,2019-12-02,470
Starbucks,2019-12-03,507
Starbucks,2019-12-04,510
Starbucks,2019-12-05,480
Starbucks,2019-12-06,445
Starbucks,2019-12-07,426
Starbucks,2019-12-08,444
Starbucks,2019-12-09,408
Starbucks,2019-12-10,531
Starbucks,2019-12-11,392
Starbucks,2019-12-12,8570
Starbucks,2019-12-13,874
Starbucks,2019-12-14,479
Starbucks,2019-12-15,501
Starbucks,2019-12-16,549
Starbucks,2019-12-17,480
Starbucks,2019-12-18,430
Starbucks,2019-12-19,468
Starbucks,2019-12-20,464
Starbucks,2019-12-21,413
Starbucks,2019-12-22,346
Starbucks,2019-12-23,388
Starbucks,2019-12-24,399
Starbucks,2019-12-25,366
Starbucks,2019-12-26,453
Starbucks,2019-12-27,444
Starbucks,2019-12-28,337
Starbucks,2019-12-29,394
Starbucks,2019-12-30,421
Starbucks,2019-12-31,420
Starbucks,2020-01-01,394
Starbucks,2020-01-02,436
Starbucks,2020-01-03,333
Starbucks,2020-01-04,366
Starbucks,2020-01-05,339
Starbucks,2020-01-06,371
Starbucks,2020-01-07,370
Starbucks,2020-01-08,405
Starbucks,2020-01-09,460
Starbucks,2020-01-10,448
Starbucks,2020-01-11,403
Starbucks,2020-01-12,328
Starbucks,2020-01-13,393
Starbucks,2020-01-14,363
Starbucks,2020-01-15,465
Starbucks,2020-01-16,500
Starbucks,2020-01-17,511
Starbucks,2020-01-18,420
Starbucks,2020-01-19,381
Starbucks,2020-01-20,478
Starbucks,2020-01-21,504
Starbucks,2020-01-22,472
Starbucks,2020-01-23,541
Starbucks,2020-01-24,414
Starbucks,2020-01-25,387
Starbucks,2020-01-26,376
Starbucks,2020-01-27,345
Starbucks,2020-01-28,460
Starbucks,2020-01-29,614
Starbucks,2020-01-30,551
Starbucks,2020-01-31,486
Starbucks,2020-02-01,433
Starbucks,2020-02-02,453
Starbucks,2020-02-03,470
Starbucks,2020-02-04,491
Starbucks,2020-02-05,433
Starbucks,2020-02-06,527
Starbucks,2020-02-07,467
Starbucks,2020-02-08,406
Starbucks,2020-02-09,386
Starbucks,2020-02-10,443
Starbucks,2020-02-11,441
Starbucks,2020-02-12,416
Starbucks,2020-02-13,468
Starbucks,2020-02-14,510
Starbucks,2020-02-15,579
Starbucks,2020-02-16,480
Starbucks,2020-02-17,443
Starbucks,2020-02-18,453
Starbucks,2020-02-19,468
Starbucks,2020-02-20,477
Starbucks,2020-02-21,475
Starbucks,2020-02-22,463
Starbucks,2020-02-23,450
Starbucks,2020-02-24,412
Starbucks,2020-02-25,489
Starbucks,2020-02-26,619
Starbucks,2020-02-27,585
Starbucks,2020-02-28,562
Starbucks,2020-02-29,439
Starbucks,2020-03-01,472
Starbucks,2020-03-02,553
Starbucks,2020-03-03,503
Starbucks,2020-03-04,459
Starbucks,2020-03-05,673
Starbucks,2020-03-06,627
Starbucks,2020-03-07,482
Starbucks,2020-03-08,413
Starbucks,2020-03-09,411
Starbucks,2020-03-10,430
Starbucks,2020-03-11,435
Starbucks,2020-03-12,445
Starbucks,2020-03-13,507
Starbucks,2020-03-14,401
Starbucks,2020-03-15,840
Starbucks,2020-03-16,716
Starbucks,2020-03-17,540
Starbucks,2020-03-18,425
Starbucks,2020-03-19,473
Starbucks,2020-03-20,516
Starbucks,2020-03-21,568
Starbucks,2020-03-22,408
Starbucks,2020-03-23,382
Starbucks,2020-03-24,401
Starbucks,2020-03-25,415
Starbucks,2020-03-26,388
Starbucks,2020-03-27,369
Starbucks,2020-03-28,310
Starbucks,2020-03-29,279
Starbucks,2020-03-30,248
Starbucks,2020-03-31,301
Starbucks,2020-04-01,261
Starbucks,2020-04-02,308
Starbucks,2020-04-03,313
Starbucks,2020-04-04,263
Starbucks,2020-04-05,243
Starbucks,2020-04-06,242
Starbucks,2020-04-07,240
Starbucks,2020-04-08,326
Starbucks,2020-04-09,283
Starbucks,2020-04-10,265
Starbucks,2020-04-11,209
Starbucks,2020-04-12,228
Starbucks,2020-04-13,239
Starbucks,2020-04-14,238
Starbucks,2020-04-15,236
Starbucks,2020-04-16,272
Starbucks,2020-04-17,338
Starbucks,2020-04-18,274
Starbucks,2020-04-19,234
Starbucks,2020-04-20,229
Starbucks,2020-04-21,304
Starbucks,2020-04-22,345
Starbucks,2020-04-23,271
Starbucks,2020-04-24,250
Starbucks,2020-04-25,241
Starbucks,2020-04-26,212
Starbucks,2020-04-27,281
Starbucks,2020-04-28,351
Starbucks,2020-04-29,335
Starbucks,2020-04-30,277
Starbucks,2020-05-01,226
Starbucks,2020-05-02,255
Starbucks,2020-05-03,242
Starbucks,2020-05-04,353
Starbucks,2020-05-05,379
Starbucks,2020-05-06,317
Starbucks,2020-05-07,307
Starbucks,2020-05-08,239
Starbucks,2020-05-09,260
Starbucks,2020-05-10,240
Starbucks,2020-05-11,275
Starbucks,2020-05-12,282
Starbucks,2020-05-13,349
Starbucks,2020-05-14,310
Starbucks,2020-05-15,295
Starbucks,2020-05-16,323
Starbucks,2020-05-17,277
Starbucks,2020-05-18,335
Starbucks,2020-05-19,542
Starbucks,2020-05-20,423
Starbucks,2020-05-21,424
Starbucks,2020-05-22,394
Starbucks,2020-05-23,368
Starbucks,2020-05-24,340
Starbucks,2020-05-25,336
Starbucks,2020-05-26,345
Starbucks,2020-05-27,335
Starbucks,2020-05-28,404
Starbucks,2020-05-29,380
Starbucks,2020-05-30,415
Starbucks,2020-05-31,411
Starbucks,2020-06-01,534
Starbucks,2020-06-02,382
Starbucks,2020-06-03,336
Starbucks,2020-06-04,353
Starbucks,2020-06-05,339
Starbucks,2020-06-06,379
Starbucks,2020-06-07,332
Starbucks,2020-06-08,379
Starbucks,2020-06-09,466
Starbucks,2020-06-10,991
Starbucks,2020-06-11,1417
Starbucks,2020-06-12,1973
Starbucks,2020-06-13,681
Starbucks,2020-06-14,422
Starbucks,2020-06-15,430
Starbucks,2020-06-16,389
Starbucks,2020-06-17,374
Starbucks,2020-06-18,378
Starbucks,2020-06-19,335
Starbucks,2020-06-20,332
Starbucks,2020-06-21,271
Starbucks,2020-06-22,316
Starbucks,2020-06-23,469
Starbucks,2020-06-24,450
Starbucks,2020-06-25,410
Starbucks,2020-06-26,420
Starbucks,2020-06-27,376
Starbucks,2020-06-28,477
Starbucks,2020-06-29,653
Starbucks,2020-06-30,395
Starbucks,2020-07-01,379
Starbucks,2020-07-02,380
Starbucks,2020-07-03,356
Starbucks,2020-07-04,388
Starbucks,2020-07-05,333
Starbucks,2020-07-06,327
Starbucks,2020-07-07,413
Starbucks,2020-07-08,480
Starbucks,2020-07-09,484
Starbucks,2020-07-10,430
Starbucks,2020-07-11,326
Starbucks,2020-07-12,313
Starbucks,2020-07-13,348
Starbucks,2020-07-14,338
Starbucks,2020-07-15,397
Starbucks,2020-07-16,403
Starbucks,2020-07-17,375
Starbucks,2020-07-18,331
Starbucks,2020-07-19,312
Starbucks,2020-07-20,331
Starbucks,2020-07-21,374
Starbucks,2020-07-22,455
Starbucks,2020-07-23,375
Starbucks,2020-07-24,378
Starbucks,2020-07-25,365
Starbucks,2020-07-26,406
Starbucks,2020-07-27,348
Starbucks,2020-07-28,444
Starbucks,2020-07-29,458
Starbucks,2020-07-30,398
Starbucks,2020-07-31,361
Starbucks,2020-08-01,326
Starbucks,2020-08-02,327
Starbucks,2020-08-03,357
Starbucks,2020-08-04,428
Starbucks,2020-08-05,347
Starbucks,2020-08-06,341
Starbucks,2020-08-07,357
Starbucks,2020-08-08,340
Starbucks,2020-08-09,322
Starbucks,2020-08-10,335
Starbucks,2020-08-11,333
Starbucks,2020-08-12,403
Starbucks,2020-08-13,345
Starbucks,2020-08-14,364
Starbucks,2020-08-15,331
Starbucks,2020-08-16,348
Starbucks,2020-08-17,399
Starbucks,2020-08-18,390
Starbucks,2020-08-19,380
Starbucks,2020-08-20,411
Starbucks,2020-08-21,394
Starbucks,2020-08-22,322
Starbucks,2020-08-23,439
Starbucks,2020-08-24,332
Starbucks,2020-08-25,693
Starbucks,2020-08-26,549
Starbucks,2020-08-27,438
Starbucks,2020-08-28,429
Starbucks,2020-08-29,401
Starbucks,2020-08-30,373
Starbucks,2020-08-31,460
Starbucks,2020-09-01,434
Starbucks,2020-09-02,547
Starbucks,2020-09-03,481
Starbucks,2020-09-04,464
Starbucks,2020-09-05,418
Starbucks,2020-09-06,349
Starbucks,2020-09-07,403
Starbucks,2020-09-08,412
Starbucks,2020-09-09,378
Starbucks,2020-09-10,354
Starbucks,2020-09-11,363
Starbucks,2020-09-12,344
Starbucks,2020-09-13,330
Starbucks,2020-09-14,351
Starbucks,2020-09-15,308
Starbucks,2020-09-16,384
Starbucks,2020-09-17,465
Starbucks,2020-09-18,395
Starbucks,2020-09-19,362
Starbucks,2020-09-20,340
Starbucks,2020-09-21,391
Starbucks,2020-09-22,436
Starbucks,2020-09-23,458
Starbucks,2020-09-24,449
Starbucks,2020-09-25,463
Starbucks,2020-09-26,406
Starbucks,2020-09-27,372
Starbucks,2020-09-28,369
Starbucks,2020-09-29,629
Starbucks,2020-09-30,398
Starbucks,2020-10-01,507
Starbucks,2020-10-02,366
Starbucks,2020-10-03,372
Starbucks,2020-10-04,403
Starbucks,2020-10-05,355
Starbucks,2020-10-06,357
Starbucks,2020-10-07,336
Starbucks,2020-10-08,356
Starbucks,2020-10-09,348
Starbucks,2020-10-10,363
Starbucks,2020-10-11,363
Starbucks,2020-10-12,371
Starbucks,2020-10-13,435
Starbucks,2020-10-14,439
Starbucks,2020-10-15,356
Starbucks,2020-10-16,336
Starbucks,2020-10-17,389
Starbucks,2020-10-18,324
Starbucks,2020-10-19,374
Starbucks,2020-10-20,338
Starbucks,2020-10-21,353
Starbucks,2020-10-22,358
Starbucks,2020-10-23,384
Starbucks,2020-10-24,303
Starbucks,2020-10-25,307
Starbucks,2020-10-26,421
Starbucks,2020-10-27,361
Starbucks,2020-10-28,407
Starbucks,2020-10-29,405
Starbucks,2020-10-30,438
