brand,Date,sentiment_neg,sentiment_neu,sentiment_pos,sentiment_neg_perc,sentiment_pos_perc,polarity
Airbnb,2019-07-01,0.027131999263509763,0.8602439244936825,0.11262228882529805,19.41,80.59,61.18000000000001
Airbnb,2019-07-08,0.024878366761836444,0.857040776591164,0.11807279305027212,17.4,82.6,65.19999999999999
Airbnb,2019-07-15,0.024486354916567865,0.8571413325102796,0.11836139392410079,17.14,82.86,65.72
Airbnb,2019-07-22,0.022298064893302855,0.8606713856698424,0.11703522039397322,16.0,84.0,68.0
Airbnb,2019-07-29,0.02705566145128551,0.8485034015726611,0.12444605388976286,17.86,82.14,64.28
Airbnb,2019-08-05,0.029175920963824913,0.8623085791607439,0.10851287522660026,21.19,78.81,57.620000000000005
Airbnb,2019-08-12,0.024870637173400663,0.849586532660461,0.1255414787700923,16.53,83.47,66.94
Airbnb,2019-08-19,0.02388805803776407,0.8552705447448903,0.12084250156615697,16.51,83.49,66.97999999999999
Airbnb,2019-08-26,0.02677263803703872,0.8501688907517998,0.12305732445648476,17.87,82.13,64.25999999999999
Airbnb,2019-09-02,0.027224035301039895,0.8448904377324957,0.12789270972892744,17.55,82.45,64.9
Airbnb,2019-09-09,0.023175859324528956,0.8435195575015537,0.13330259505392286,14.81,85.19,70.38
Airbnb,2019-09-16,0.0223142221879308,0.859315766317896,0.11836918450701109,15.86,84.14,68.28
Airbnb,2019-09-23,0.02372140823810237,0.8596824759632015,0.11659341545138088,16.91,83.09,66.18
Airbnb,2019-09-30,0.023037356677392044,0.8574655218405252,0.11949590852919185,16.16,83.84,67.68
Airbnb,2019-10-07,0.028132348158045755,0.8489816897549721,0.1228906690541043,18.63,81.37,62.74000000000001
Airbnb,2019-10-14,0.02665881082075836,0.8649464537882366,0.10840054846843923,19.74,80.26,60.52000000000001
Airbnb,2019-10-21,0.024279778140228952,0.8501827936371473,0.12553588772674737,16.21,83.79,67.58000000000001
Airbnb,2019-10-28,0.05093941178889309,0.8381910078826994,0.11086860904524538,31.48,68.52,37.03999999999999
Airbnb,2019-11-04,0.06612462426970744,0.8329986478087601,0.100874968498197,39.6,60.4,20.799999999999997
Airbnb,2019-11-11,0.034772988497432884,0.8431866964596704,0.12203556211456461,22.18,77.82,55.63999999999999
Airbnb,2019-11-18,0.03272215538333424,0.8472075227077612,0.120063970390607,21.42,78.58,57.16
Airbnb,2019-11-25,0.025080728976536428,0.838126688156657,0.1367817375716444,15.5,84.5,69.0
Airbnb,2019-12-02,0.026194684543017165,0.8406837820102975,0.13311914278039075,16.44,83.56,67.12
Airbnb,2019-12-09,0.02046390850527675,0.8541050033799974,0.12543027760491193,14.03,85.97,71.94
Airbnb,2019-12-16,0.023944595375572728,0.8613438913994579,0.1147075001606455,17.27,82.73,65.46000000000001
Airbnb,2019-12-23,0.02168086720549674,0.8546385336358684,0.12368603029618354,14.91,85.09,70.18
Airbnb,2019-12-30,0.024950088195701617,0.8623243629021028,0.11271950285475561,18.12,81.88,63.75999999999999
Airbnb,2020-00,0.024392067045592263,0.8586741216721538,0.1169391055087024,17.26,82.74,65.47999999999999
Airbnb,2020-01-06,0.025590316482504094,0.8667645395978012,0.10764473239528591,19.21,80.79,61.580000000000005
Airbnb,2020-01-13,0.01926516679340865,0.8677117133629214,0.1130224719610836,14.56,85.44,70.88
Airbnb,2020-01-20,0.020500169638771635,0.8706585041596904,0.10884083882018739,15.85,84.15,68.30000000000001
Airbnb,2020-01-27,0.019702103905834805,0.8658238237163555,0.1144691194680363,14.68,85.32,70.63999999999999
Airbnb,2020-02-03,0.032844919510654574,0.8583735391446554,0.10877957881367238,23.19,76.81,53.620000000000005
Airbnb,2020-02-10,0.035570036158936766,0.8634268704684738,0.10100061871574331,26.05,73.95,47.900000000000006
Airbnb,2020-02-17,0.023999673859130936,0.8666338685869911,0.10936271025537304,18.0,82.0,64.0
Airbnb,2020-02-24,0.024393113796784056,0.8695117578804062,0.10609806048625961,18.69,81.31,62.620000000000005
Airbnb,2020-03-02,0.03244727254605612,0.8606113000049517,0.10694386192479376,23.28,76.72,53.44
Airbnb,2020-03-09,0.04338674761072183,0.84583064831877,0.11079412080518114,28.14,71.86,43.72
Airbnb,2020-03-16,0.05155933708309774,0.8534063047853836,0.09504450551506474,35.17,64.83,29.659999999999997
Airbnb,2020-03-23,0.05437752166795252,0.8529480205594313,0.09266646678993713,36.98,63.02,26.040000000000006
Airbnb,2020-03-30,0.058971133478272285,0.8317941019176823,0.1092360110596048,35.06,64.94,29.879999999999995
Airbnb,2020-04-06,0.052655374761136776,0.8598213748408771,0.08752390832351388,37.56,62.44,24.879999999999995
Airbnb,2020-04-13,0.046336879017522925,0.8514519298047581,0.10220602025190496,31.19,68.81,37.620000000000005
Airbnb,2020-04-20,0.03359907491153019,0.8572815962601821,0.10910903623734865,23.54,76.46,52.919999999999995
Airbnb,2020-04-27,0.04558789161822736,0.8482868820517676,0.10610609535297674,30.05,69.95,39.900000000000006
Airbnb,2020-05-04,0.04234839099286767,0.858882575456969,0.09876077487859429,30.01,69.99,39.97999999999999
Airbnb,2020-05-11,0.034109348696861684,0.8545160872932996,0.11137349425693321,23.45,76.55,53.099999999999994
Airbnb,2020-05-18,0.03314791475988571,0.8448493349394335,0.12199356595220433,21.37,78.63,57.25999999999999
Airbnb,2020-05-25,0.028277772927881143,0.8604419286185351,0.11127826406240453,20.26,79.74,59.47999999999999
Airbnb,2020-06-01,0.0284032609953134,0.8485728763875345,0.12302607802468328,18.76,81.24,62.47999999999999
Airbnb,2020-06-08,0.03162595739432668,0.8499081960029581,0.11845596294732144,21.07,78.93,57.86000000000001
Airbnb,2020-06-15,0.037942394903718465,0.8392447496760234,0.12281604231969925,23.6,76.4,52.800000000000004
Airbnb,2020-06-22,0.03389884151839458,0.8409666761414915,0.12512626738916924,21.32,78.68,57.36000000000001
Airbnb,2020-06-29,0.03447743502747437,0.8389478299454156,0.12656808307004225,21.41,78.59,57.18000000000001
Airbnb,2020-07-06,0.02335334975137451,0.8358797671673124,0.14076950735407862,14.23,85.77,71.53999999999999
Airbnb,2020-07-13,0.028658940317583488,0.8401029018629637,0.13124498165546902,17.92,82.08,64.16
Airbnb,2020-07-20,0.03443955064265363,0.8499157808456139,0.11564452278359731,22.95,77.05,54.099999999999994
Airbnb,2020-07-27,0.03859969870172947,0.8501601719550154,0.11123855150534057,25.76,74.24,48.47999999999999
Airbnb,2020-08-03,0.03248639959866985,0.8433661509976093,0.12415353145953063,20.74,79.26,58.52000000000001
Airbnb,2020-08-10,0.034117696986776344,0.8254855248042546,0.14039636349365633,19.55,80.45,60.900000000000006
Airbnb,2020-08-17,0.04543825011221841,0.8372311136448783,0.11733735542500215,27.91,72.09,44.18000000000001
Airbnb,2020-08-24,0.03299917594210883,0.8340492672795062,0.13296517749803266,19.88,80.12,60.24000000000001
Airbnb,2020-08-31,0.053888217457699006,0.8201843541951287,0.12592922682130217,29.97,70.03,40.06
Airbnb,2020-09-07,0.027226738747895003,0.8592869133859622,0.11348494776301776,19.35,80.65,61.300000000000004
Airbnb,2020-09-14,0.023733385907124486,0.8744038691434913,0.10186015652664615,18.9,81.1,62.199999999999996
Airbnb,2020-09-21,0.02253438811384325,0.8951610258442315,0.08230380314891947,21.49,78.51,57.02000000000001
Airbnb,2020-09-28,0.02052906921053626,0.8921400572458165,0.08733517678700364,19.03,80.97,61.94
Airbnb,2020-10-05,0.022600466223454182,0.8473916748544398,0.1300102763968482,14.81,85.19,70.38
Airbnb,2020-10-12,0.022085995362206033,0.8495856671919132,0.12832097497320355,14.68,85.32,70.63999999999999
Airbnb,2020-10-19,0.022286756599072827,0.873895975541279,0.1038164481442172,17.67,82.33,64.66
Airbnb,2020-10-26,0.027809559437601345,0.8486119518653933,0.12358397331563542,18.37,81.63,63.25999999999999
Apple,2019-07-01,0.028170549034625333,0.8757555941521944,0.0960714476718816,22.67,77.33,54.66
Apple,2019-07-08,0.029185119560394133,0.8792173847230006,0.09159698326378567,24.16,75.84,51.68000000000001
Apple,2019-07-15,0.0271969355408449,0.8708154492093835,0.10198774766863694,21.05,78.95,57.900000000000006
Apple,2019-07-22,0.022372726467956395,0.8644901382982847,0.11313689507634113,16.51,83.49,66.97999999999999
Apple,2019-07-29,0.0269315326019246,0.8742204196643169,0.09884704270956499,21.41,78.59,57.18000000000001
Apple,2019-08-05,0.02976625590360833,0.8682395623366421,0.10199533758003107,22.59,77.41,54.81999999999999
Apple,2019-08-12,0.029886883270135556,0.8617808081911393,0.10833447604535676,21.62,78.38,56.75999999999999
Apple,2019-08-19,0.03140683293950122,0.8720634406498878,0.09653257206118537,24.55,75.45,50.900000000000006
Apple,2019-08-26,0.030973630473511315,0.8763025680183353,0.09272807219505852,25.04,74.96,49.919999999999995
Apple,2019-09-02,0.031214287252409077,0.8772875966289685,0.09149668634689916,25.44,74.56,49.120000000000005
Apple,2019-09-09,0.03053061526006103,0.8822463661776536,0.08722051321287176,25.93,74.07,48.13999999999999
Apple,2019-09-16,0.027139756512109727,0.8762539978617322,0.09660247331447551,21.93,78.07,56.13999999999999
Apple,2019-09-23,0.02750776240739131,0.8701956471835317,0.10229854382377858,21.19,78.81,57.620000000000005
Apple,2019-09-30,0.028961788220062807,0.8642803989540763,0.10675661765199729,21.34,78.66,57.31999999999999
Apple,2019-10-07,0.03517383511659856,0.8451989415460847,0.1196264564118593,22.72,77.28,54.56
Apple,2019-10-14,0.030883872410843182,0.8613841434612525,0.10773208291297275,22.28,77.72,55.44
Apple,2019-10-21,0.030477588755295913,0.8624137604591995,0.10711023161166147,22.15,77.85,55.699999999999996
Apple,2019-10-28,0.029931258238645956,0.8661689585601602,0.10390296217018594,22.36,77.64,55.28
Apple,2019-11-04,0.030938194494899394,0.8646864679017822,0.10437735110227304,22.86,77.14,54.28
Apple,2019-11-11,0.027685763866248863,0.8658188947690116,0.10649471606415813,20.63,79.37,58.74000000000001
Apple,2019-11-18,0.03047491515555606,0.8673211994578234,0.10220037922555116,22.97,77.03,54.06
Apple,2019-11-25,0.03293221782649774,0.8618835994740498,0.10519242717532944,23.84,76.16,52.31999999999999
Apple,2019-12-02,0.02884575327083103,0.8680932751611653,0.10305776745299718,21.87,78.13,56.25999999999999
Apple,2019-12-09,0.0315276961485702,0.869352180340055,0.09912503721455189,24.13,75.87,51.74000000000001
Apple,2019-12-16,0.029037860281040235,0.8655595603311738,0.10539966556873957,21.6,78.4,56.800000000000004
Apple,2019-12-23,0.026592626594986426,0.8680341412497313,0.10536572376076676,20.15,79.85,59.699999999999996
Apple,2019-12-30,0.02527876323393506,0.8791613206715935,0.09555948817750688,20.92,79.08,58.16
Apple,2020-00,0.028600243704263808,0.8735403739258113,0.0978547334641258,22.62,77.38,54.75999999999999
Apple,2020-01-06,0.03411969456978775,0.8703197320575459,0.09555744123926643,26.31,73.69,47.379999999999995
Apple,2020-01-13,0.03214038167793244,0.8728514722949657,0.09500830506398396,25.28,74.72,49.44
Apple,2020-01-20,0.029009435912490094,0.8759979825051485,0.09499231508551353,23.39,76.61,53.22
Apple,2020-01-27,0.03389665064605301,0.8700305281155439,0.09607411005574419,26.08,73.92,47.84
Apple,2020-02-03,0.027086686166439233,0.882398288817086,0.09051377768695633,23.03,76.97,53.94
Apple,2020-02-10,0.02769807086260213,0.8772238051227825,0.0950779465105184,22.56,77.44,54.879999999999995
Apple,2020-02-17,0.032317574950495406,0.8783904599349459,0.08929254355022062,26.57,73.43,46.86000000000001
Apple,2020-02-24,0.02752068382585358,0.8741711608035657,0.09830813427218703,21.87,78.13,56.25999999999999
Apple,2020-03-02,0.02952310622696534,0.8812524138306229,0.08923075566377173,24.86,75.14,50.28
Apple,2020-03-09,0.023533264233128886,0.8833081924215562,0.09315861951939973,20.17,79.83,59.66
Apple,2020-03-16,0.023920350730944645,0.8852851118996321,0.09080002979358914,20.85,79.15,58.300000000000004
Apple,2020-03-23,0.025397324471262233,0.8817121975934985,0.09289121625822995,21.47,78.53,57.06
Apple,2020-03-30,0.02666823170852557,0.8777692340192774,0.09556322789382356,21.82,78.18,56.36000000000001
Apple,2020-04-06,0.02587428688877519,0.8807541512285538,0.09337407312506958,21.7,78.3,56.599999999999994
Apple,2020-04-13,0.025827701086739225,0.886584295602102,0.08758702111285308,22.77,77.23,54.46000000000001
Apple,2020-04-20,0.028057070372461544,0.8815831221780959,0.09035632742279222,23.69,76.31,52.620000000000005
Apple,2020-04-27,0.028548177246375043,0.8788401321319123,0.09260330675884842,23.56,76.44,52.879999999999995
Apple,2020-05-04,0.027972764936719408,0.8796112166298632,0.09241551425255586,23.24,76.76,53.52000000000001
Apple,2020-05-11,0.028603739245010067,0.8723994881608987,0.0989948977543331,22.42,77.58,55.16
Apple,2020-05-18,0.030084232855877333,0.8704970219491418,0.09941859277542431,23.23,76.77,53.53999999999999
Apple,2020-05-25,0.02728266752196895,0.8760426787847108,0.09667218028102083,22.01,77.99,55.97999999999999
Apple,2020-06-01,0.033054299182598355,0.8726957761414359,0.09424735375417449,25.97,74.03,48.06
Apple,2020-06-08,0.026673747043019953,0.8763130840411255,0.09701199551728004,21.57,78.43,56.86000000000001
Apple,2020-06-15,0.030622889906519856,0.8790721053014897,0.09030921406136075,25.32,74.68,49.36000000000001
Apple,2020-06-22,0.026399996694857007,0.8791074735435569,0.09450245786279379,21.84,78.16,56.31999999999999
Apple,2020-06-29,0.028355472231714782,0.8765789404122095,0.09507577492248946,22.97,77.03,54.06
Apple,2020-07-06,0.026582226202069632,0.8806698887312451,0.09275371075683746,22.28,77.72,55.44
Apple,2020-07-13,0.03329048178553188,0.8744872847347575,0.09222431321693822,26.52,73.48,46.96000000000001
Apple,2020-07-20,0.02685319592866259,0.8762216173362526,0.0969241903897843,21.69,78.31,56.620000000000005
Apple,2020-07-27,0.026857902993701492,0.8751956885277999,0.09794773501564744,21.52,78.48,56.96000000000001
Apple,2020-08-03,0.03300692004267903,0.8767445105175652,0.09025144949058372,26.78,73.22,46.44
Apple,2020-08-10,0.03857613787484615,0.8718530703130124,0.08956743824631012,30.1,69.9,39.800000000000004
Apple,2020-08-17,0.03326678188161584,0.8726491591488422,0.09408414977910338,26.12,73.88,47.75999999999999
Apple,2020-08-24,0.03361230919506891,0.8741599475819379,0.0922234479247406,26.71,73.29,46.580000000000005
Apple,2020-08-31,0.02893932868706137,0.8733362818285089,0.09772341223172688,22.85,77.15,54.300000000000004
Apple,2020-09-07,0.027378706433213756,0.8795955348799819,0.09302544262068148,22.74,77.26,54.52000000000001
Apple,2020-09-14,0.027429804709362095,0.8779895813245702,0.0945783624456331,22.48,77.52,55.03999999999999
Apple,2020-09-21,0.029455103666731635,0.8715503343398462,0.09899614059051236,22.93,77.07,54.13999999999999
Apple,2020-09-28,0.028375867779741097,0.8735760121307147,0.09804844368119922,22.44,77.56,55.120000000000005
Apple,2020-10-05,0.02930683399319026,0.8742328777864284,0.09645971987424236,23.3,76.7,53.400000000000006
Apple,2020-10-12,0.028438455701179716,0.8705866353182072,0.10097475446108024,21.97,78.03,56.06
Apple,2020-10-19,0.025561332725740783,0.8713637666798034,0.10307436227184652,19.87,80.13,60.25999999999999
Apple,2020-10-26,0.029342775451294007,0.8725218734525141,0.09813273718823314,23.02,76.98,53.96000000000001
Coca-Cola,2019-07-01,0.025914037822666824,0.853463197169478,0.12061353113452224,17.69,82.31,64.62
Coca-Cola,2019-07-08,0.02932013847860943,0.8594397509572597,0.11124331440873318,20.86,79.14,58.28
Coca-Cola,2019-07-15,0.024918207871945288,0.8577887102598979,0.11729299230255001,17.52,82.48,64.96000000000001
Coca-Cola,2019-07-22,0.01949176972782894,0.8509116659097027,0.12959028743995618,13.07,86.93,73.86000000000001
Coca-Cola,2019-07-29,0.02698015801331465,0.8610185044551389,0.1120077541957198,19.41,80.59,61.18000000000001
Coca-Cola,2019-08-05,0.03166317082398051,0.8499480997130888,0.11840286055720586,21.1,78.9,57.800000000000004
Coca-Cola,2019-08-12,0.024430395066510045,0.8727328933402486,0.1028328486613992,19.2,80.8,61.599999999999994
Coca-Cola,2019-08-19,0.023714366187909876,0.8941552602607292,0.08213120620227037,22.4,77.6,55.199999999999996
Coca-Cola,2019-08-26,0.0219158640025622,0.9105249938031156,0.06756214668427338,24.49,75.51,51.02000000000001
Coca-Cola,2019-09-02,0.020509262655469245,0.9115487770369557,0.06793541812715932,23.19,76.81,53.620000000000005
Coca-Cola,2019-09-09,0.0230805390307837,0.871329807628448,0.10558063547666531,17.94,82.06,64.12
Coca-Cola,2019-09-16,0.023556168373404924,0.8678107075612049,0.1086383664774252,17.82,82.18,64.36000000000001
Coca-Cola,2019-09-23,0.022208755324000552,0.8599978177039211,0.11781030444555937,15.86,84.14,68.28
Coca-Cola,2019-09-30,0.023783794422312005,0.8671371266008135,0.10907849716872917,17.9,82.1,64.19999999999999
Coca-Cola,2019-10-07,0.027784429670216042,0.8518483716462588,0.12036092244563971,18.75,81.25,62.5
Coca-Cola,2019-10-14,0.029971464211515402,0.8487275152490922,0.12131118007766119,19.81,80.19,60.379999999999995
Coca-Cola,2019-10-21,0.03796580878988868,0.8491050471676085,0.11294033482623389,25.16,74.84,49.68000000000001
Coca-Cola,2019-10-28,0.04091362394864816,0.8482465073687396,0.110854839105564,26.96,73.04,46.080000000000005
Coca-Cola,2019-11-04,0.039514774305450646,0.8529984728429201,0.10748657392870149,26.88,73.12,46.24000000000001
Coca-Cola,2019-11-11,0.034662146035400444,0.8701807178283529,0.09515674990834318,26.7,73.3,46.599999999999994
Coca-Cola,2019-11-18,0.029844397626677916,0.863372394100778,0.1067801692727006,21.84,78.16,56.31999999999999
Coca-Cola,2019-11-25,0.02382358233155568,0.8693525562262068,0.10682649789559731,18.23,81.77,63.53999999999999
Coca-Cola,2019-12-02,0.02941757684911726,0.8558216559293678,0.11477183323327715,20.4,79.6,59.199999999999996
Coca-Cola,2019-12-09,0.03435399679392429,0.8597469315883594,0.10590380329488538,24.49,75.51,51.02000000000001
Coca-Cola,2019-12-16,0.0299376891180044,0.8507217764067189,0.11933167860817462,20.06,79.94,59.879999999999995
Coca-Cola,2019-12-23,0.02594232866977248,0.8421807462388818,0.13185843345928125,16.44,83.56,67.12
Coca-Cola,2019-12-30,0.020638979789111483,0.8744946213673167,0.10486788428623373,16.44,83.56,67.12
Coca-Cola,2020-00,0.019443781117462658,0.8736908939606708,0.10685728698279409,15.39,84.61,69.22
Coca-Cola,2020-01-06,0.023412742449176956,0.87278247680104,0.10379018537303282,18.41,81.59,63.18000000000001
Coca-Cola,2020-01-13,0.03245019775886943,0.8663420657560683,0.1012289247304273,24.27,75.73,51.46000000000001
Coca-Cola,2020-01-20,0.04580754076174869,0.8574884072838049,0.09670237997476197,32.14,67.86,35.72
Coca-Cola,2020-01-27,0.03563861867332006,0.8618938723416889,0.10246217393279647,25.81,74.19,48.379999999999995
Coca-Cola,2020-02-03,0.03017809846498515,0.8456363535614569,0.12418961043487635,19.55,80.45,60.900000000000006
Coca-Cola,2020-02-10,0.026000236629508438,0.865161197910477,0.10886387404452473,19.28,80.72,61.44
Coca-Cola,2020-02-17,0.028923021649709828,0.8590679819207871,0.11201171463291036,20.52,79.48,58.96000000000001
Coca-Cola,2020-02-24,0.024960106670072698,0.8718277341697025,0.10322122723409466,19.47,80.53,61.06
Coca-Cola,2020-03-02,0.028090740673722078,0.871323991891944,0.10059422284673761,21.83,78.17,56.34
Coca-Cola,2020-03-09,0.03611078128168837,0.8478037200307166,0.1161022904292731,23.72,76.28,52.56
Coca-Cola,2020-03-16,0.03156787930287947,0.8561675094935995,0.11227311460488143,21.95,78.05,56.099999999999994
Coca-Cola,2020-03-23,0.0339786692529075,0.8569639149396153,0.10906921015391204,23.75,76.25,52.5
Coca-Cola,2020-03-30,0.030463705304854954,0.8716890758267523,0.09783787477674454,23.74,76.26,52.52000000000001
Coca-Cola,2020-04-06,0.032974803602407635,0.8558350066637095,0.11116462057074337,22.88,77.12,54.24000000000001
Coca-Cola,2020-04-13,0.02392361023001576,0.8666250192407835,0.10944818491032778,17.94,82.06,64.12
Coca-Cola,2020-04-20,0.03155051417373803,0.8661487032624576,0.10228782072018838,23.57,76.43,52.86000000000001
Coca-Cola,2020-04-27,0.0365520168723301,0.8517419834057618,0.1117113760654256,24.65,75.35,50.699999999999996
Coca-Cola,2020-05-04,0.020333293809443688,0.854125686779206,0.12553771750357626,13.94,86.06,72.12
Coca-Cola,2020-05-11,0.023143559715263225,0.8684843276743089,0.10837284714074967,17.6,82.4,64.80000000000001
Coca-Cola,2020-05-18,0.024606788275499523,0.8626778396473086,0.1127019905354696,17.92,82.08,64.16
Coca-Cola,2020-05-25,0.026001293231016406,0.8373894652033237,0.13661242667488102,15.99,84.01,68.02000000000001
Coca-Cola,2020-06-01,0.02178983327918419,0.8768114767806544,0.10139809429960632,17.69,82.31,64.62
Coca-Cola,2020-06-08,0.034823825024086964,0.8565011104441057,0.10866769503897523,24.27,75.73,51.46000000000001
Coca-Cola,2020-06-15,0.03128804193196169,0.8536765703875505,0.11503588003298401,21.38,78.62,57.24000000000001
Coca-Cola,2020-06-22,0.035732190002361275,0.8630523634252055,0.1012262921195887,26.09,73.91,47.81999999999999
Coca-Cola,2020-06-29,0.051530155223469966,0.8469680020837415,0.10150640329954956,33.67,66.33,32.66
Coca-Cola,2020-07-06,0.0249147478829052,0.8612767643853605,0.11380386786948206,17.96,82.04,64.08000000000001
Coca-Cola,2020-07-13,0.023658788550881348,0.8657020734348614,0.11063616445288625,17.62,82.38,64.75999999999999
Coca-Cola,2020-07-20,0.02730135339570231,0.8682428161567561,0.10446015945187057,20.72,79.28,58.56
Coca-Cola,2020-07-27,0.03610078025637137,0.8640641306497302,0.09983955388041264,26.56,73.44,46.879999999999995
Coca-Cola,2020-08-03,0.024762062152019343,0.8798986412114669,0.09534922681320919,20.62,79.38,58.75999999999999
Coca-Cola,2020-08-10,0.03428167360024696,0.8678349393490372,0.09787966126321201,25.94,74.06,48.120000000000005
Coca-Cola,2020-08-17,0.021283280329212968,0.8630334314879224,0.11568887902059828,15.54,84.46,68.91999999999999
Coca-Cola,2020-08-24,0.030109723290357944,0.8660322626358354,0.10385725324160171,22.48,77.52,55.03999999999999
Coca-Cola,2020-08-31,0.020820995926926978,0.873354170942459,0.10580163721409197,16.44,83.56,67.12
Coca-Cola,2020-09-07,0.027259358220326296,0.8863317442537362,0.08641435700041614,23.98,76.02,52.03999999999999
Coca-Cola,2020-09-14,0.035413309630780355,0.8578697122809534,0.10671239731904837,24.92,75.08,50.16
Coca-Cola,2020-09-21,0.03027846737653752,0.8610676635231392,0.1086515011315732,21.79,78.21,56.419999999999995
Coca-Cola,2020-09-28,0.02858927974027842,0.8646117730887062,0.10681439218115198,21.11,78.89,57.78
Coca-Cola,2020-10-05,0.022915798567071738,0.8630844952857087,0.1140104957406592,16.74,83.26,66.52000000000001
Coca-Cola,2020-10-12,0.02673543561870159,0.8767477706178838,0.09651254771556354,21.69,78.31,56.620000000000005
Coca-Cola,2020-10-19,0.03361359589339062,0.8556836668057645,0.11069725346624636,23.29,76.71,53.419999999999995
Coca-Cola,2020-10-26,0.03652960142236666,0.8651680297362371,0.098307768245827,27.09,72.91,45.81999999999999
HM,2019-07-01,0.008976716932734323,0.7493668543326955,0.241655533060153,3.58,96.42,92.84
HM,2019-07-08,0.005910920429544802,0.7434256153633727,0.2506654698369207,2.3,97.7,95.4
HM,2019-07-15,0.007703548202426441,0.7362827795033194,0.25600608920943463,2.92,97.08,94.16
HM,2019-07-22,0.00696762480768111,0.7447021170746676,0.2483292429122332,2.73,97.27,94.53999999999999
HM,2019-07-29,0.007679853979496367,0.7464545400323433,0.24586762338434393,3.03,96.97,93.94
HM,2019-08-05,0.007891569084317252,0.7470073786557185,0.24510387169243428,3.12,96.88,93.75999999999999
HM,2019-08-12,0.009192662064904477,0.7402585166793071,0.2505562772671124,3.54,96.46,92.91999999999999
HM,2019-08-19,0.00782940727866901,0.753831004505144,0.23834208799881468,3.18,96.82,93.63999999999999
HM,2019-08-26,0.008451390073601944,0.7446528304441417,0.24689572832669351,3.31,96.69,93.38
HM,2019-09-02,0.0083708806027933,0.7501612761670942,0.24147130128838729,3.35,96.65,93.30000000000001
HM,2019-09-09,0.009783896876834081,0.7411049558783599,0.24911009949808588,3.78,96.22,92.44
HM,2019-09-16,0.014401227812895196,0.7454259338789032,0.24017292083530523,5.66,94.34,88.68
HM,2019-09-23,0.00804408988087346,0.7430989758615422,0.24885921348081105,3.13,96.87,93.74000000000001
HM,2019-09-30,0.007318659194499268,0.7480419229894585,0.24464181512687383,2.9,97.1,94.19999999999999
HM,2019-10-07,0.009013779347226292,0.7387017954021983,0.2522832612294114,3.45,96.55,93.1
HM,2019-10-14,0.006058193655849844,0.7470423310905872,0.2468994697749459,2.39,97.61,95.22
HM,2019-10-21,0.006143771302982064,0.7322126602760237,0.2616399890491873,2.29,97.71,95.41999999999999
HM,2019-10-28,0.007331633593271117,0.7403599119239261,0.2523095285966589,2.82,97.18,94.36000000000001
HM,2019-11-04,0.007517914153640716,0.7760192275727889,0.21645786547185195,3.36,96.64,93.28
HM,2019-11-11,0.01878507396672402,0.8620500191469238,0.11916661017888781,13.62,86.38,72.75999999999999
HM,2019-11-18,0.01855519782494938,0.8455355366372758,0.13589689230024632,12.01,87.99,75.97999999999999
HM,2019-11-25,0.03072077014287625,0.833737291762539,0.13554047610628067,18.48,81.52,63.03999999999999
HM,2019-12-02,0.022743530055745538,0.8470868645919002,0.13015618212592092,14.87,85.13,70.25999999999999
HM,2019-12-09,0.03154046020549938,0.8266649186423259,0.1417834866983932,18.2,81.8,63.599999999999994
HM,2019-12-16,0.039453363935254004,0.8461901357312639,0.11436434473487511,25.65,74.35,48.699999999999996
HM,2019-12-23,0.03337929839411218,0.8593427969746958,0.10726113445144565,23.73,76.27,52.53999999999999
HM,2019-12-30,0.02767657192075797,0.8389970144563167,0.13331715436366598,17.19,82.81,65.62
HM,2020-00,0.035702522743762906,0.8233989658331937,0.14086855314319735,20.22,79.78,59.56
HM,2020-01-06,0.04320098151497972,0.8583201788438479,0.09847793361907319,30.49,69.51,39.02000000000001
HM,2020-01-13,0.02840048443573558,0.8502946016980942,0.12129062927676597,18.97,81.03,62.06
HM,2020-01-20,0.027476069585572437,0.8092512318441409,0.16328093483127656,14.4,85.6,71.19999999999999
HM,2020-01-27,0.01073252335607205,0.7415798365278361,0.24769431995606944,4.15,95.85,91.69999999999999
HM,2020-02-03,0.007422842299786794,0.7415855586556095,0.25100039936349366,2.87,97.13,94.25999999999999
HM,2020-02-10,0.007916143745006926,0.738498795069647,0.25358380805251407,3.03,96.97,93.94
HM,2020-02-17,0.00860257348283161,0.7404854939933958,0.25091715082155774,3.31,96.69,93.38
HM,2020-02-24,0.01877013735661768,0.7453296256590499,0.2358901418912229,7.37,92.63,85.25999999999999
HM,2020-03-02,0.008720477969715257,0.743227794134888,0.2480506332449553,3.4,96.6,93.19999999999999
HM,2020-03-09,0.010711375723585038,0.7426914857190058,0.24659576684376633,4.16,95.84,91.68
HM,2020-03-16,0.009164403311719744,0.7302505337531686,0.26058786923781296,3.4,96.6,93.19999999999999
HM,2020-03-23,0.009117707360361466,0.7290835610340347,0.26179571598195306,3.37,96.63,93.25999999999999
HM,2020-03-30,0.013360017978426255,0.7423844711757283,0.2442630296428379,5.19,94.81,89.62
HM,2020-04-06,0.009408321774058617,0.7264009005924226,0.2641896373287101,3.44,96.56,93.12
HM,2020-04-13,0.005672243009868407,0.7281583650493222,0.26616716230612253,2.09,97.91,95.82
HM,2020-04-20,0.01156763998840048,0.7324769302386583,0.2559510347041715,4.32,95.68,91.36000000000001
HM,2020-04-27,0.006231725355296215,0.7291911767927511,0.26457433166972216,2.3,97.7,95.4
HM,2020-05-04,0.01528942753385982,0.7372138384569986,0.24749147248513045,5.82,94.18,88.36000000000001
HM,2020-05-11,0.008362099257674479,0.7316556396923417,0.259980365999361,3.12,96.88,93.75999999999999
HM,2020-05-18,0.01048314512511835,0.7336037096099498,0.2559124948752302,3.94,96.06,92.12
HM,2020-05-25,0.008806802931624618,0.7391583560592908,0.25202976980806585,3.38,96.62,93.24000000000001
HM,2020-06-01,0.009719131192762968,0.7317538374706153,0.2585230397399831,3.62,96.38,92.75999999999999
HM,2020-06-08,0.011778507264536922,0.7375858755255026,0.2506423073447494,4.49,95.51,91.02000000000001
HM,2020-06-15,0.01194262164014164,0.7321857991711137,0.2558723654567402,4.46,95.54,91.08000000000001
HM,2020-06-22,0.018913368589306458,0.7363159010933312,0.24477068275513192,7.17,92.83,85.66
HM,2020-06-29,0.01607807057720999,0.768277995723136,0.21564088520882585,6.94,93.06,86.12
HM,2020-07-06,0.011635560991018493,0.73665574993048,0.251703830971506,4.42,95.58,91.16
HM,2020-07-13,0.005538726104599801,0.7378155716827558,0.25664918936425796,2.11,97.89,95.78
HM,2020-07-20,0.007640126862206148,0.732062242383974,0.2602914943291635,2.85,97.15,94.30000000000001
HM,2020-07-27,0.008277310927972696,0.7350840166713309,0.25664073814862426,3.12,96.88,93.75999999999999
HM,2020-08-03,0.012718843343193951,0.7339026539227128,0.25338128084902095,4.78,95.22,90.44
HM,2020-08-10,0.006561989358760652,0.727479599101365,0.26595248481573647,2.41,97.59,95.18
HM,2020-08-17,0.010019485208132216,0.7325123974777191,0.25746580580038675,3.75,96.25,92.5
HM,2020-08-24,0.010552657237731435,0.7356752885387088,0.2537637231449162,3.99,96.01,92.02000000000001
HM,2020-08-31,0.006541508529892206,0.7425147228279257,0.2509395553439596,2.54,97.46,94.91999999999999
HM,2020-09-07,0.00807029751863582,0.7357620622477111,0.2561731099303261,3.05,96.95,93.9
HM,2020-09-14,0.010772442919749612,0.745429862531417,0.24379609911762465,4.23,95.77,91.53999999999999
HM,2020-09-21,0.00809757132457693,0.7345168859401819,0.2573874392970619,3.05,96.95,93.9
HM,2020-09-28,0.008093744099230823,0.7365551097273064,0.2553552740064141,3.07,96.93,93.86000000000001
HM,2020-10-05,0.011416922764430933,0.7399908801974812,0.24858491970549132,4.39,95.61,91.22
HM,2020-10-12,0.008633830377883357,0.7453893845973659,0.24598027610437817,3.39,96.61,93.22
HM,2020-10-19,0.008220405355753108,0.7433005895623469,0.24847916265007372,3.2,96.8,93.6
HM,2020-10-26,0.009579386028973205,0.7248080078708518,0.265611974960372,3.48,96.52,93.03999999999999
Nike,2019-07-01,0.05397462846084703,0.8229309953644086,0.12309653557727264,30.48,69.52,39.03999999999999
Nike,2019-07-08,0.024508059368001628,0.8187528682364084,0.15673916067012783,13.52,86.48,72.96000000000001
Nike,2019-07-15,0.019822193064358364,0.8265449471574267,0.15363818971319168,11.43,88.57,77.13999999999999
Nike,2019-07-22,0.019785949724402247,0.8328072969223267,0.1474062178446875,11.83,88.17,76.34
Nike,2019-07-29,0.01577445091608127,0.8171450435339923,0.1670775457445515,8.63,91.37,82.74000000000001
Nike,2019-08-05,0.016769855698799296,0.8230365690242353,0.1601921221108909,9.48,90.52,81.03999999999999
Nike,2019-08-12,0.015674178453309474,0.8236385670318084,0.16068560798929357,8.89,91.11,82.22
Nike,2019-08-19,0.016210804848080466,0.8278463087019554,0.15594572954405458,9.42,90.58,81.16
Nike,2019-08-26,0.01971035177083971,0.8374820396639893,0.1428060544371464,12.13,87.87,75.74000000000001
Nike,2019-09-02,0.01592330469767916,0.8259154506771582,0.15816141012810947,9.15,90.85,81.69999999999999
Nike,2019-09-09,0.017999607560717536,0.8247548521585132,0.15724307960907805,10.27,89.73,79.46000000000001
Nike,2019-09-16,0.016403260302837428,0.8274850563425403,0.1561108044853333,9.51,90.49,80.97999999999999
Nike,2019-09-23,0.015022951422611158,0.8292989376296284,0.15567694798663534,8.8,91.2,82.4
Nike,2019-09-30,0.01693818606850187,0.8285585655172952,0.15450350514153008,9.88,90.12,80.24000000000001
Nike,2019-10-07,0.02272096089920397,0.8366101576667979,0.14067070640725116,13.91,86.09,72.18
Nike,2019-10-14,0.02227415281084622,0.8504043515841201,0.12732158658588583,14.89,85.11,70.22
Nike,2019-10-21,0.025248031208176987,0.8381066446777571,0.13664233239125412,15.6,84.4,68.80000000000001
Nike,2019-10-28,0.019074811768483056,0.8171883400928165,0.16373245899778022,10.43,89.57,79.13999999999999
Nike,2019-11-04,0.02186099381427779,0.8425191884516323,0.13562493672574696,13.88,86.12,72.24000000000001
Nike,2019-11-11,0.02927756138041134,0.8830963073456225,0.0876274235418997,25.04,74.96,49.919999999999995
Nike,2019-11-18,0.027210563131084355,0.8848749971248215,0.08791228558160502,23.64,76.36,52.72
Nike,2019-11-25,0.026117546731085562,0.8902851516999226,0.0835899009078044,23.81,76.19,52.379999999999995
Nike,2019-12-02,0.025417751681020156,0.8887646970807769,0.08581968411573995,22.85,77.15,54.300000000000004
Nike,2019-12-09,0.027837944114012046,0.8821954601471651,0.08996269582248693,23.63,76.37,52.74000000000001
Nike,2019-12-16,0.027677777879347998,0.8810816328416603,0.09124051742453977,23.27,76.73,53.46000000000001
Nike,2019-12-23,0.027441599070388255,0.8802218360315859,0.09233310679649454,22.91,77.09,54.18000000000001
Nike,2019-12-30,0.0263558182032117,0.8786021868171344,0.09504013753181173,21.71,78.29,56.580000000000005
Nike,2020-00,0.03038040756904415,0.8863755819825887,0.08324590464815369,26.74,73.26,46.52000000000001
Nike,2020-01-06,0.03264636946187613,0.8837122755430415,0.08363900145491134,28.07,71.93,43.86000000000001
Nike,2020-01-13,0.02497052327018423,0.8887871182995949,0.08624281763249354,22.45,77.55,55.099999999999994
Nike,2020-01-20,0.023240201360658106,0.8638027983697789,0.1129552828625177,17.06,82.94,65.88
Nike,2020-01-27,0.01883409426485744,0.8257558359288837,0.15540820038660716,10.81,89.19,78.38
Nike,2020-02-03,0.0189511945849242,0.8249535731045291,0.1560936023715021,10.83,89.17,78.34
Nike,2020-02-10,0.02141002062529213,0.8158707423850439,0.16271644435577196,11.63,88.37,76.74000000000001
Nike,2020-02-17,0.016514778172055523,0.8170575961886527,0.16642989781502968,9.03,90.97,81.94
Nike,2020-02-24,0.016396988265948743,0.815601771763453,0.16799718707365546,8.89,91.11,82.22
Nike,2020-03-02,0.01774044985184169,0.819500215407997,0.16275654539926018,9.83,90.17,80.34
Nike,2020-03-09,0.015809828307214367,0.8236684775017586,0.16051973377983927,8.97,91.03,82.06
Nike,2020-03-16,0.01700190389344166,0.8208528790729206,0.16214902067660505,9.49,90.51,81.02000000000001
Nike,2020-03-23,0.015776801958109796,0.8174907797174359,0.1667340584732507,8.64,91.36,82.72
Nike,2020-03-30,0.016754355305992227,0.8312972224076399,0.15194646468600606,9.93,90.07,80.13999999999999
Nike,2020-04-06,0.015687519151096525,0.821768927198371,0.16254428498125817,8.8,91.2,82.4
Nike,2020-04-13,0.016206423794635806,0.8190755819627513,0.16471259302476324,8.96,91.04,82.08000000000001
Nike,2020-04-20,0.018235210085651276,0.8189810246783403,0.1627840570701867,10.07,89.93,79.86000000000001
Nike,2020-04-27,0.016776847596171117,0.8229762576526479,0.16024414553799718,9.48,90.52,81.03999999999999
Nike,2020-05-04,0.017401050392134833,0.8289644902118692,0.15363482544057422,10.17,89.83,79.66
Nike,2020-05-11,0.02030721749298356,0.8247734961705827,0.15491548796854307,11.59,88.41,76.82
Nike,2020-05-18,0.022659254997273875,0.8243484611871275,0.1529900308504611,12.9,87.1,74.19999999999999
Nike,2020-05-25,0.023059535904037594,0.8281187212944249,0.14882118405956346,13.42,86.58,73.16
Nike,2020-06-01,0.027382148059836305,0.8158098982068164,0.15680994801984532,14.87,85.13,70.25999999999999
Nike,2020-06-08,0.021563517869151647,0.8233688288129098,0.15507303694962146,12.21,87.79,75.58000000000001
Nike,2020-06-15,0.019293291245046036,0.8266373522449548,0.15406647495385664,11.13,88.87,77.74000000000001
Nike,2020-06-22,0.020181820651870973,0.8224446073382866,0.15737401194256123,11.37,88.63,77.25999999999999
Nike,2020-06-29,0.028168016138901273,0.8440087784570277,0.12781989455007697,18.06,81.94,63.879999999999995
Nike,2020-07-06,0.024908918270275446,0.8228251967089507,0.152255276808802,14.06,85.94,71.88
Nike,2020-07-13,0.02267506807566896,0.8249919919309473,0.1523277610893929,12.96,87.04,74.08000000000001
Nike,2020-07-20,0.023779078930730925,0.8299734863011293,0.1462427383227795,13.99,86.01,72.02000000000001
Nike,2020-07-27,0.025381682370713525,0.8208559101605777,0.15376442335512425,14.17,85.83,71.66
Nike,2020-08-03,0.021192966645869636,0.8310409202425671,0.14776165849262982,12.54,87.46,74.91999999999999
Nike,2020-08-10,0.020526955341854614,0.834744872996443,0.14472686955751315,12.42,87.58,75.16
Nike,2020-08-17,0.02152419116370572,0.81696500790249,0.16150950824394678,11.76,88.24,76.47999999999999
Nike,2020-08-24,0.02193957422071145,0.8240953989084032,0.15396483424003965,12.47,87.53,75.06
Nike,2020-08-31,0.020668275048117996,0.8347882701962843,0.1445409708960235,12.51,87.49,74.97999999999999
Nike,2020-09-07,0.019457067514745026,0.8345454437974263,0.14599512721594166,11.76,88.24,76.47999999999999
Nike,2020-09-14,0.016738360016507036,0.8280559263766885,0.15521032641255766,9.73,90.27,80.53999999999999
Nike,2020-09-21,0.01615057949749664,0.8229405485420803,0.16091040684533553,9.12,90.88,81.75999999999999
Nike,2020-09-28,0.014654100803594975,0.8212541350476569,0.1640902281193734,8.2,91.8,83.6
Nike,2020-10-05,0.01638844057840109,0.8112216515456101,0.17239096785371497,8.68,91.32,82.63999999999999
Nike,2020-10-12,0.021416301030762547,0.8215431735943098,0.15703977294964777,12.0,88.0,76.0
Nike,2020-10-19,0.01831095879621511,0.8178034387856933,0.16388595414334037,10.05,89.95,79.9
Nike,2020-10-26,0.017673337582345797,0.8247845745762913,0.1575406775680426,10.09,89.91,79.82
Starbucks,2019-07-01,0.04212639385185638,0.8233192367385539,0.13455047098717896,23.84,76.16,52.31999999999999
Starbucks,2019-07-08,0.049393719319531335,0.8222454580563688,0.1283590449790292,27.79,72.21,44.419999999999995
Starbucks,2019-07-15,0.028143111067184857,0.8275211842767932,0.1443323076697938,16.32,83.68,67.36000000000001
Starbucks,2019-07-22,0.025473858449749216,0.839427611855203,0.13510697149547338,15.86,84.14,68.28
Starbucks,2019-07-29,0.0285497447498566,0.832867404754643,0.13859049923584088,17.08,82.92,65.84
Starbucks,2019-08-05,0.0333884579003599,0.834743633463536,0.13186493500134014,20.2,79.8,59.599999999999994
Starbucks,2019-08-12,0.03003159277252865,0.8260422787662473,0.14391911101528138,17.26,82.74,65.47999999999999
Starbucks,2019-08-19,0.030647542348649297,0.8445688683063083,0.12478366227171674,19.72,80.28,60.56
Starbucks,2019-08-26,0.033009441776979495,0.8419024553588264,0.1250869150002471,20.88,79.12,58.24000000000001
Starbucks,2019-09-02,0.03135589098620165,0.8411926271551186,0.12745147407796967,19.74,80.26,60.52000000000001
Starbucks,2019-09-09,0.026943977343888807,0.8344249998095778,0.1386292837897089,16.27,83.73,67.46000000000001
Starbucks,2019-09-16,0.02669948215417532,0.8301835611646985,0.1431158703749171,15.72,84.28,68.56
Starbucks,2019-09-23,0.03156795300622907,0.8333340204841425,0.13509090985361508,18.94,81.06,62.120000000000005
Starbucks,2019-09-30,0.03156603511334168,0.8347652371950368,0.13366434131690877,19.1,80.9,61.800000000000004
Starbucks,2019-10-07,0.039021084804279176,0.8200260272185262,0.14095805771579697,21.68,78.32,56.63999999999999
Starbucks,2019-10-14,0.027454381165788782,0.8010308762785299,0.1715011135473005,13.8,86.2,72.4
Starbucks,2019-10-21,0.028072607293481815,0.8038660934006464,0.16805609357599116,14.31,85.69,71.38
Starbucks,2019-10-28,0.02759350783524925,0.811120137400926,0.16128501838142717,14.61,85.39,70.78
Starbucks,2019-11-04,0.026284399805047733,0.8039877065200275,0.16972799058365456,13.41,86.59,73.18
Starbucks,2019-11-11,0.02503695367859896,0.8307268776685552,0.1442412672348598,14.79,85.21,70.41999999999999
Starbucks,2019-11-18,0.031741889267202505,0.8279444541220038,0.14030060683879894,18.45,81.55,63.099999999999994
Starbucks,2019-11-25,0.04303460357227703,0.8165824779845483,0.1403785418794479,23.46,76.54,53.080000000000005
Starbucks,2019-12-02,0.03631027717826256,0.8301657490610241,0.13353105660823308,21.38,78.62,57.24000000000001
Starbucks,2019-12-09,0.03404395984364827,0.8208414301818056,0.14511385409801916,19.0,81.0,62.0
Starbucks,2019-12-16,0.038877300547589276,0.8163124302062627,0.14480915287076376,21.17,78.83,57.66
Starbucks,2019-12-23,0.023514169971457135,0.7957411174756333,0.18074486464862477,11.51,88.49,76.97999999999999
Starbucks,2019-12-30,0.028065294808550623,0.8073105728380147,0.16462406121010775,14.57,85.43,70.86000000000001
Starbucks,2020-00,0.03394762615114301,0.8038045001448741,0.16224531874457615,17.3,82.7,65.4
Starbucks,2020-01-06,0.024476007971524293,0.826115543267299,0.14940587422061108,14.08,85.92,71.84
Starbucks,2020-01-13,0.029443135551285575,0.8490324789571666,0.12152247797585157,19.5,80.5,61.0
Starbucks,2020-01-20,0.027992402586730407,0.8325569200353443,0.13944697565352548,16.72,83.28,66.56
Starbucks,2020-01-27,0.02849369696649499,0.8259655770459853,0.14554459489190322,16.37,83.63,67.25999999999999
Starbucks,2020-02-03,0.03220271483011173,0.8104065937341625,0.15738256077269377,16.99,83.01,66.02000000000001
Starbucks,2020-02-10,0.026490624430538172,0.7992952256775065,0.17421302822907112,13.2,86.8,73.6
Starbucks,2020-02-17,0.025541800775678598,0.8215144251930004,0.15294712473385744,14.31,85.69,71.38
Starbucks,2020-02-24,0.036707177578143284,0.8105425682695537,0.15275382010259847,19.37,80.63,61.25999999999999
Starbucks,2020-03-02,0.03531612505852437,0.828715046083789,0.13596923932607166,20.62,79.38,58.75999999999999
Starbucks,2020-03-09,0.037843027598901756,0.8352477695367068,0.1269024083708384,22.97,77.03,54.06
Starbucks,2020-03-16,0.049458799487643625,0.8444528670084744,0.10608751497004153,31.8,68.2,36.400000000000006
Starbucks,2020-03-23,0.04182977904342665,0.8328876078946207,0.1252839387454449,25.03,74.97,49.94
Starbucks,2020-03-30,0.04447153734805182,0.8259719711722288,0.12956408474119122,25.55,74.45,48.900000000000006
Starbucks,2020-04-06,0.038575075232455645,0.834248580764515,0.12716863286248983,23.27,76.73,53.46000000000001
Starbucks,2020-04-13,0.033353102294370884,0.8335272387444653,0.13312815814133092,20.03,79.97,59.94
Starbucks,2020-04-20,0.025002011172295217,0.8424624180228772,0.13253994560397647,15.87,84.13,68.25999999999999
Starbucks,2020-04-27,0.028567249926049816,0.8379774101423665,0.13345738684533773,17.63,82.37,64.74000000000001
Starbucks,2020-05-04,0.027680291867016427,0.8297915567819263,0.14251943127865635,16.26,83.74,67.47999999999999
Starbucks,2020-05-11,0.029752219491279146,0.8397979055005317,0.1304570746800725,18.57,81.43,62.86000000000001
Starbucks,2020-05-18,0.028231193833171964,0.8292007841067245,0.14256795449192167,16.53,83.47,66.94
Starbucks,2020-05-25,0.028873000453286342,0.8241016266599512,0.14702285041119836,16.41,83.59,67.18
Starbucks,2020-06-01,0.035671785533258796,0.8204311299132699,0.14388655946930431,19.87,80.13,60.25999999999999
Starbucks,2020-06-08,0.053834632089565945,0.8265848116640144,0.11958518970677885,31.04,68.96,37.919999999999995
Starbucks,2020-06-15,0.03493163485394501,0.8282523300371232,0.13681695253639717,20.34,79.66,59.31999999999999
Starbucks,2020-06-22,0.039427957881191474,0.838350953429854,0.12221674916695643,24.39,75.61,51.22
Starbucks,2020-06-29,0.046482477144035673,0.8258681844649916,0.1276523724824285,26.69,73.31,46.620000000000005
Starbucks,2020-07-06,0.045518713633643286,0.832372305438505,0.1221134538946502,27.15,72.85,45.699999999999996
Starbucks,2020-07-13,0.028689938021676648,0.8342655377712914,0.1370417952786444,17.31,82.69,65.38
Starbucks,2020-07-20,0.03237135423436789,0.8197839182635628,0.14783831024295796,17.96,82.04,64.08000000000001
Starbucks,2020-07-27,0.029302322167287047,0.8338299748438509,0.13687003050692165,17.63,82.37,64.74000000000001
Starbucks,2020-08-03,0.029824506904185078,0.8381266130408854,0.13204823984046432,18.42,81.58,63.16
Starbucks,2020-08-10,0.029299850131628512,0.8426185798676195,0.12807964965033275,18.62,81.38,62.75999999999999
Starbucks,2020-08-17,0.02783797508558363,0.8434918254883811,0.12866707215137904,17.79,82.21,64.41999999999999
Starbucks,2020-08-24,0.030730465527730084,0.8470372358522557,0.12223280233385672,20.09,79.91,59.81999999999999
Starbucks,2020-08-31,0.0337754817074474,0.8368566311671971,0.12937473064032712,20.7,79.3,58.599999999999994
Starbucks,2020-09-07,0.03478625510224085,0.8383395506798034,0.12687837470332522,21.52,78.48,56.96000000000001
Starbucks,2020-09-14,0.02913431645073859,0.836607653672701,0.13425848849666105,17.83,82.17,64.34
Starbucks,2020-09-21,0.03263567584790218,0.8259074024715115,0.1414567640815521,18.75,81.25,62.5
Starbucks,2020-09-28,0.031652813030436856,0.8208142245694405,0.14753320494863728,17.66,82.34,64.68
Starbucks,2020-10-05,0.035259911799794035,0.8197898959559827,0.14495817087494786,19.57,80.43,60.86000000000001
Starbucks,2020-10-12,0.03006076885453553,0.8259174855552863,0.14402520824404125,17.27,82.73,65.46000000000001
Starbucks,2020-10-19,0.03344688559480084,0.8334106208256988,0.13316109678869087,20.08,79.92,59.84
Starbucks,2020-10-26,0.024740902389665004,0.8406327851943179,0.13463116386889631,15.52,84.48,68.96000000000001
