Brand,Date,Buzz,Impression,Quality,Value,Reputation,Satisfaction,Recommend,Awareness,Attention,Ad Awareness,WOM Exposure,Consideration,Purchase Intent,Current Customer ,Former Customer
Airbnb,2019-07-01,7.4,3.2,4.9,8.9,6.0,8.5,6.7,56.6,17.7,8.2,15.0,17.4,9.0,8.2,5.0
Airbnb,2019-07-08,1.3,8.7,5.0,9.3,6.3,6.1,6.9,57.2,12.7,7.6,10.8,15.4,5.4,4.9,7.4
Airbnb,2019-07-15,3.5,6.8,6.3,10.1,8.8,8.2,7.2,52.7,12.4,7.6,11.3,13.3,6.1,6.7,4.9
Airbnb,2019-07-22,3.4,6.8,7.3,9.2,8.1,9.2,8.7,60.7,15.9,7.3,9.1,16.8,8.4,6.0,8.3
Airbnb,2019-07-29,6.5,12.7,13.1,14.7,10.1,9.2,14.3,59.4,15.1,11.6,12.9,17.8,7.5,9.2,3.3
Airbnb,2019-08-05,4.0,12.1,9.4,13.6,8.4,10.7,9.6,62.0,14.0,9.0,12.0,20.2,7.3,6.7,7.0
Airbnb,2019-08-12,3.1,9.5,9.2,13.9,11.2,9.2,13.4,63.1,15.7,9.7,13.1,18.7,8.5,8.3,6.3
Airbnb,2019-08-19,2.1,11.9,6.9,11.7,7.9,10.4,7.9,62.0,13.5,8.6,12.8,18.5,10.0,10.0,6.4
Airbnb,2019-08-26,4.8,10.5,7.7,10.9,6.3,9.9,9.9,61.0,12.0,7.7,11.9,18.6,8.9,10.6,5.1
Airbnb,2019-09-02,4.7,10.7,7.5,14.6,8.1,13.0,11.6,62.9,14.0,11.7,13.5,20.6,11.4,10.4,8.2
Airbnb,2019-09-09,5.3,12.4,5.4,12.7,6.7,9.8,8.4,63.0,15.9,10.6,11.8,17.7,7.4,9.1,5.6
Airbnb,2019-09-16,4.1,10.8,8.0,10.2,13.3,11.4,12.7,61.0,17.0,11.6,12.5,18.3,7.3,8.6,8.0
Airbnb,2019-09-23,5.0,8.2,8.2,10.9,6.0,10.0,7.6,59.7,15.4,8.7,11.6,15.9,8.9,8.5,6.3
Airbnb,2019-09-30,1.2,4.0,1.0,7.5,1.5,9.0,5.6,58.6,12.8,10.3,11.6,15.1,6.4,7.7,6.8
Airbnb,2019-10-07,7.6,9.7,7.6,14.3,8.5,11.2,11.5,61.7,13.1,10.3,10.7,18.8,9.6,10.1,5.8
Airbnb,2019-10-14,1.7,5.1,5.3,8.4,5.8,8.0,8.1,60.4,12.8,7.1,9.4,13.5,5.2,7.1,6.2
Airbnb,2019-10-21,3.8,8.1,6.4,9.0,4.7,9.6,7.7,60.1,14.8,11.1,11.7,17.5,6.9,8.4,6.8
Airbnb,2019-10-28,4.5,11.3,9.1,13.1,7.9,12.7,11.4,57.3,15.2,8.4,12.3,19.2,10.3,10.4,8.0
Airbnb,2019-11-04,-0.8,7.2,6.1,10.9,8.6,9.0,9.4,63.5,17.5,10.3,11.7,19.3,6.1,7.7,6.3
Airbnb,2019-11-11,1.3,9.1,5.1,12.8,5.9,11.6,8.0,63.5,18.8,11.3,15.1,16.9,8.4,11.7,5.8
Airbnb,2019-11-18,5.8,10.2,7.1,12.1,7.8,11.1,9.6,65.2,19.4,11.5,13.1,17.8,8.2,9.1,6.9
Airbnb,2019-11-25,2.1,10.0,10.8,10.8,8.2,12.6,11.7,64.4,17.2,11.4,13.2,19.0,9.3,8.9,7.9
Airbnb,2019-12-02,7.2,11.1,8.8,13.4,12.8,11.8,14.2,65.2,17.5,8.5,13.2,18.6,9.0,9.4,8.2
Airbnb,2019-12-09,-1.1,10.2,7.1,11.1,8.9,10.5,11.7,63.9,16.7,8.6,11.3,17.9,7.2,8.2,9.7
Airbnb,2019-12-16,7.4,14.6,6.2,13.2,7.9,15.0,13.6,66.2,18.0,8.1,13.3,23.7,10.2,10.6,9.3
Airbnb,2019-12-23,2.2,6.7,5.0,9.8,7.1,10.5,9.9,58.6,13.7,7.8,9.6,15.8,10.0,7.6,6.3
Airbnb,2019-12-30,-0.1,5.3,3.8,5.6,8.5,8.8,7.3,61.8,11.6,7.0,6.8,17.0,7.7,5.8,6.0
Airbnb,2020-00,5.3,9.2,7.3,8.4,9.4,10.2,8.4,64.9,15.4,11.0,12.2,19.8,8.3,8.0,6.9
Airbnb,2020-01-06,3.5,11.6,7.1,9.1,9.1,11.7,8.7,63.1,17.7,10.6,14.4,17.9,8.7,10.8,7.0
Airbnb,2020-01-13,-0.3,5.2,4.7,9.7,5.0,10.6,9.3,61.2,13.1,7.3,10.8,18.0,6.6,6.6,9.2
Airbnb,2020-01-20,4.1,10.7,2.3,8.9,3.8,11.2,9.7,61.7,11.1,8.3,9.7,20.6,9.5,11.2,6.0
Airbnb,2020-01-27,0.4,10.1,6.0,8.6,7.7,10.6,10.4,63.6,14.3,9.3,9.6,18.2,7.7,6.9,6.4
Airbnb,2020-02-03,4.4,10.8,5.6,12.7,11.3,13.7,11.7,62.9,17.4,11.7,12.9,19.6,10.4,10.3,8.5
Airbnb,2020-02-10,4.1,9.6,11.7,13.7,9.8,11.4,13.5,63.5,12.2,8.8,12.4,17.6,8.4,7.3,8.4
Airbnb,2020-02-17,4.6,12.4,5.7,8.8,6.2,11.8,8.5,65.3,14.5,11.4,11.6,19.1,8.0,8.4,7.9
Airbnb,2020-02-24,0.2,6.3,5.7,10.0,5.8,10.1,6.7,64.7,14.7,8.6,11.2,18.3,7.5,8.4,9.0
Airbnb,2020-03-02,3.4,6.1,5.6,8.8,5.2,11.0,9.9,63.6,15.9,8.3,13.0,16.3,8.3,9.5,7.4
Airbnb,2020-03-09,3.3,4.3,5.9,7.3,3.7,9.2,5.2,56.9,12.8,7.5,11.6,14.8,6.0,8.5,6.3
Airbnb,2020-03-16,1.9,12.3,8.1,13.0,8.1,11.1,11.9,66.8,13.8,8.9,10.2,19.9,7.9,8.4,8.6
Airbnb,2020-03-23,2.1,9.9,8.2,10.6,8.5,10.8,8.4,59.6,10.8,7.1,10.3,18.6,8.8,7.8,8.4
Airbnb,2020-03-30,-0.4,5.2,9.0,11.4,6.9,11.3,7.2,65.3,12.6,5.6,10.3,17.1,8.5,8.3,9.8
Airbnb,2020-04-06,-3.0,0.6,4.0,7.5,7.6,9.9,6.0,62.5,12.3,5.9,7.5,15.3,7.9,5.1,8.2
Airbnb,2020-04-13,-1.0,9.8,7.1,9.9,10.4,10.6,9.3,69.4,13.1,6.9,8.6,21.1,8.3,9.8,8.9
Airbnb,2020-04-20,0.2,10.5,9.9,15.2,9.5,12.7,10.5,64.5,13.7,9.1,8.5,19.7,9.2,9.1,7.1
Airbnb,2020-04-27,2.9,8.7,9.6,10.9,5.9,11.1,9.8,60.3,11.7,5.7,8.5,16.6,9.9,8.2,7.7
Airbnb,2020-05-04,0.3,8.4,7.4,13.2,9.4,11.4,14.0,68.6,13.7,7.8,10.7,20.6,8.9,9.0,10.9
Airbnb,2020-05-11,2.1,9.5,9.3,8.1,8.5,10.7,9.4,65.0,14.4,5.1,10.3,17.6,7.3,9.5,7.9
Airbnb,2020-05-18,2.6,10.8,10.5,9.4,7.9,14.0,10.9,63.2,14.2,8.4,11.3,16.6,9.5,10.2,10.2
Airbnb,2020-05-25,-0.6,6.9,6.3,11.8,7.6,9.7,8.9,66.1,15.5,6.3,11.3,19.3,8.2,7.6,9.0
Airbnb,2020-06-01,4.8,16.4,16.5,12.5,11.4,14.5,16.2,62.9,11.5,6.4,9.3,18.8,10.2,9.1,10.5
Airbnb,2020-06-08,1.9,12.2,10.1,12.4,9.9,11.1,15.2,65.7,13.2,6.1,11.3,20.7,9.5,6.6,9.0
Airbnb,2020-06-15,1.8,11.3,9.8,11.7,11.1,11.2,12.3,60.2,10.4,6.1,11.8,15.3,9.5,7.4,9.7
Airbnb,2020-06-22,1.6,12.4,11.0,14.3,10.5,10.7,12.0,60.2,11.4,7.2,10.9,21.9,10.2,6.0,9.2
Airbnb,2020-06-29,2.0,7.8,7.6,10.7,6.4,11.0,11.1,66.0,13.4,4.7,13.8,17.3,8.8,9.8,8.2
Airbnb,2020-07-06,4.6,12.4,10.1,13.9,10.0,13.2,12.7,63.9,12.1,9.1,12.8,20.3,11.3,9.1,8.8
Airbnb,2020-07-13,0.4,7.7,7.2,9.6,6.9,7.8,7.8,64.1,12.4,6.9,8.8,15.4,5.7,5.0,9.3
Airbnb,2020-07-20,1.2,6.8,5.6,12.3,7.2,10.6,8.7,60.1,12.0,6.7,9.0,15.4,8.8,6.4,7.9
Airbnb,2020-07-27,0.3,7.2,7.5,13.6,7.7,8.7,6.8,68.2,14.2,7.9,11.1,16.6,6.9,5.6,9.3
Airbnb,2020-08-03,2.6,8.8,6.0,7.7,8.0,10.2,8.4,62.0,12.9,5.3,9.0,18.4,7.7,6.8,8.4
Airbnb,2020-08-10,3.9,12.2,9.5,12.0,12.5,10.4,11.9,67.4,12.1,7.3,12.6,17.4,10.2,8.6,7.6
Airbnb,2020-08-17,2.6,8.8,9.4,7.9,11.0,7.3,8.1,67.2,13.9,7.4,9.9,16.7,5.9,6.5,9.5
Airbnb,2020-08-24,4.4,17.1,9.4,13.8,9.2,13.9,10.7,67.4,14.2,6.3,10.1,19.1,8.4,7.7,10.1
Airbnb,2020-08-31,3.5,10.3,8.0,13.2,8.9,8.5,9.6,60.8,13.6,9.6,9.4,17.0,6.2,5.5,10.6
Airbnb,2020-09-07,5.5,12.6,9.6,12.4,7.3,10.4,12.5,62.7,14.5,9.0,12.3,20.3,8.2,6.6,8.7
Airbnb,2020-09-14,1.9,9.7,6.1,11.0,8.4,11.4,9.0,63.9,13.5,6.9,9.8,16.2,5.8,6.3,9.3
Airbnb,2020-09-21,0.5,7.8,6.2,6.1,6.2,8.5,8.5,65.7,11.0,6.3,8.8,14.7,6.1,3.9,10.9
Airbnb,2020-09-28,3.9,8.4,9.4,10.7,8.9,10.9,12.3,66.8,14.6,8.2,11.2,18.3,8.8,5.6,12.9
Airbnb,2020-10-05,8.0,17.3,13.9,16.5,11.5,13.5,17.9,69.7,15.9,11.9,18.1,24.5,13.2,12.7,9.3
Airbnb,2020-10-12,3.8,12.8,8.3,10.7,7.1,12.0,10.6,66.2,13.2,10.0,9.4,19.5,8.7,8.5,10.6
Airbnb,2020-10-19,3.7,12.6,10.0,12.4,9.0,12.7,13.0,63.4,13.1,7.9,11.0,18.8,9.1,7.0,9.3
Airbnb,2020-10-26,4.8,12.1,10.3,13.4,9.3,12.2,14.6,63.9,15.0,8.0,11.5,20.8,10.9,8.3,10.2
Airbnb,2020-11-02,7.5,13.7,12.5,12.2,10.9,15.8,16.7,70.5,14.9,10.1,11.2,19.5,10.4,9.8,12.4
Airbnb,2020-11-09,8.5,14.7,14.2,12.1,9.8,13.5,13.8,65.7,12.9,8.2,9.3,19.3,9.6,6.0,11.7
Airbnb,2020-11-16,6.5,13.2,7.0,16.8,5.5,15.9,12.1,70.4,14.2,9.4,11.3,21.1,11.3,8.7,16.2
Airbnb,2020-11-23,4.0,8.1,7.5,8.2,7.9,7.3,8.2,60.1,11.2,6.5,8.2,14.8,6.6,3.8,7.9
Airbnb,2020-11-30,1.1,12.0,8.9,12.1,11.0,12.9,11.7,66.8,14.5,6.5,9.1,22.5,9.6,6.3,12.1
Airbnb,2020-12-07,5.9,14.2,7.8,12.9,11.4,10.0,13.1,67.8,17.1,9.9,13.1,20.0,10.2,7.3,11.4
Airbnb,2020-12-14,8.3,6.3,7.8,8.5,8.3,10.3,9.0,71.8,15.6,10.9,13.4,17.2,6.7,6.0,11.0
Airbnb,2020-12-21,3.8,8.8,6.9,10.2,7.0,12.7,9.3,60.6,13.2,8.3,9.6,16.3,6.9,6.1,10.1
Airbnb,2020-12-28,1.8,10.5,7.9,7.4,10.9,8.8,7.7,64.6,12.6,9.4,8.6,15.5,7.4,4.1,13.1
Airbnb,2021-01-04,2.7,8.1,6.9,11.4,8.1,12.0,9.6,63.2,14.4,10.0,10.5,18.9,9.7,5.3,10.2
Airbnb,2021-01-11,3.4,8.8,9.4,11.2,8.4,11.9,9.6,66.8,17.0,9.9,10.9,19.9,9.3,7.1,12.8
Airbnb,2021-01-18,8.1,12.9,7.0,12.7,9.4,8.5,10.2,68.0,17.0,8.6,9.7,20.0,9.0,3.1,13.5
Airbnb,2021-01-25,2.5,13.8,11.4,11.5,9.3,13.7,13.2,64.6,16.9,10.0,12.2,18.5,7.6,5.9,15.1
Airbnb,2021-02-01,6.5,9.0,9.4,10.1,9.7,13.2,8.8,66.1,14.7,9.4,9.2,20.9,11.0,7.1,11.2
Airbnb,2021-02-08,4.3,10.1,10.4,14.5,10.3,12.4,11.0,68.6,17.6,10.4,12.8,21.0,7.9,5.8,13.8
Airbnb,2021-02-15,5.0,16.1,11.7,14.1,14.5,13.0,18.8,66.9,13.7,10.3,12.8,22.3,9.9,7.2,13.9
Airbnb,2021-02-22,4.9,11.2,12.2,12.1,11.1,14.8,12.5,65.8,17.9,12.5,15.7,20.9,8.8,7.5,13.3
Apple,2019-07-01,15.1,30.0,42.2,6.6,35.2,22.2,25.7,89.6,27.2,24.8,19.3,28.2,12.3,13.4,23.9
Apple,2019-07-08,15.7,33.4,39.7,12.3,36.4,27.8,29.0,87.8,30.1,34.1,22.8,29.7,13.9,18.4,22.2
Apple,2019-07-15,18.6,36.0,38.6,14.6,34.9,25.5,27.9,86.6,25.9,28.1,19.6,25.0,10.9,13.7,20.5
Apple,2019-07-22,15.6,23.0,30.6,3.9,25.2,22.1,19.7,91.2,29.8,28.0,20.7,26.6,14.3,13.8,23.0
Apple,2019-07-29,15.9,31.5,40.3,8.1,32.3,28.5,24.8,89.0,28.7,32.0,22.8,30.8,14.4,13.5,30.4
Apple,2019-08-05,13.1,27.0,35.5,8.4,30.4,22.3,21.0,90.3,30.6,27.8,19.4,26.5,11.9,12.7,28.3
Apple,2019-08-12,14.8,27.8,39.9,6.9,29.6,24.7,24.3,88.8,30.0,29.0,18.6,29.2,14.7,12.6,26.4
Apple,2019-08-19,17.0,31.9,41.6,9.7,28.2,25.5,25.9,92.3,32.1,31.8,21.8,28.8,12.5,17.0,21.3
Apple,2019-08-26,16.5,30.2,38.5,5.2,35.1,22.5,19.8,90.9,32.3,28.3,24.2,29.7,15.9,16.2,24.9
Apple,2019-09-02,15.2,29.2,37.2,6.0,32.6,24.8,22.8,91.2,32.0,29.7,25.1,28.3,14.8,17.0,26.4
Apple,2019-09-09,17.7,29.6,35.1,6.7,33.1,26.2,24.4,91.0,35.8,30.6,21.2,30.6,16.2,14.4,25.4
Apple,2019-09-16,21.3,30.4,40.0,7.2,32.1,24.3,26.3,88.9,32.0,34.5,27.1,30.1,14.9,16.5,26.0
Apple,2019-09-23,18.0,31.7,43.7,10.3,34.5,28.7,28.7,89.5,33.9,35.4,26.9,32.0,16.1,18.0,23.2
Apple,2019-09-30,17.1,29.7,40.9,7.6,32.7,24.2,27.3,89.4,32.7,35.3,19.5,25.7,13.6,14.8,24.8
Apple,2019-10-07,22.6,28.8,35.3,3.9,27.9,25.2,20.2,92.3,31.7,32.6,20.6,27.9,12.2,12.9,22.9
Apple,2019-10-14,16.6,26.5,40.2,4.2,30.3,21.0,23.9,88.0,33.4,30.3,24.8,27.4,14.6,15.4,21.8
Apple,2019-10-21,14.9,26.1,36.0,5.5,27.7,21.0,19.9,89.2,32.7,33.0,24.0,28.2,14.4,15.7,23.8
Apple,2019-10-28,18.4,34.7,41.3,7.9,34.4,27.6,27.5,89.8,30.2,29.0,23.8,27.9,12.8,16.2,22.7
Apple,2019-11-04,22.1,37.8,45.6,10.2,40.6,29.4,30.5,88.7,31.7,31.4,21.5,34.1,14.5,17.6,24.3
Apple,2019-11-11,21.6,34.9,39.8,9.1,37.8,26.4,28.5,91.1,35.4,32.7,23.3,30.3,14.1,16.8,22.6
Apple,2019-11-18,20.8,33.4,40.1,7.1,31.4,26.9,28.5,89.1,32.7,30.5,22.4,31.0,15.4,17.5,21.0
Apple,2019-11-25,19.8,33.2,39.8,8.3,32.3,22.8,26.6,89.2,32.5,33.0,21.6,30.2,15.0,15.5,23.2
Apple,2019-12-02,17.7,29.1,40.4,6.1,32.7,24.0,24.1,90.3,29.1,36.0,20.4,27.5,12.0,13.7,24.5
Apple,2019-12-09,25.1,38.6,47.2,13.6,38.1,27.4,29.0,92.4,34.9,34.2,23.8,26.7,14.8,15.9,28.7
Apple,2019-12-16,18.3,30.9,41.5,5.1,35.1,28.2,24.9,94.4,29.1,30.3,19.7,30.4,15.3,15.4,26.7
Apple,2019-12-23,19.0,28.2,36.1,6.5,31.0,25.8,20.3,91.2,30.9,28.4,24.4,26.1,12.5,14.6,25.7
Apple,2019-12-30,15.8,34.1,44.6,9.0,41.1,22.3,29.0,89.8,31.6,25.1,20.2,27.1,13.6,17.7,24.1
Apple,2020-00,13.6,29.0,36.4,9.6,35.8,25.7,23.5,93.6,25.7,26.9,16.0,26.4,13.4,9.6,30.8
Apple,2020-01-06,18.5,30.1,38.4,7.7,31.5,23.6,21.5,88.1,31.2,28.0,21.4,28.2,12.4,16.5,22.3
Apple,2020-01-13,14.1,33.0,38.3,9.3,32.3,23.8,25.5,93.2,29.7,30.0,20.2,30.1,14.3,15.9,23.7
Apple,2020-01-20,21.3,36.8,47.7,10.8,38.8,27.4,28.0,93.3,31.0,29.5,20.2,32.6,16.6,16.3,23.4
Apple,2020-01-27,22.6,38.1,47.6,11.5,37.1,25.8,29.8,92.7,34.9,32.7,23.8,34.4,16.5,17.3,28.6
Apple,2020-02-03,15.5,33.3,44.9,6.3,34.9,27.4,30.6,90.2,32.6,28.1,22.8,27.7,13.7,15.3,25.0
Apple,2020-02-10,19.3,34.4,39.4,4.9,32.9,27.5,22.7,92.6,29.6,29.2,21.0,26.8,11.4,15.9,24.8
Apple,2020-02-17,16.6,31.4,43.4,9.8,31.1,29.4,25.1,91.8,31.5,28.8,21.2,27.5,14.5,15.2,28.1
Apple,2020-02-24,21.1,33.9,43.2,10.1,37.0,28.9,28.0,90.1,29.5,27.4,20.1,30.9,13.2,13.9,27.4
Apple,2020-03-02,12.3,34.3,43.2,10.7,35.3,27.5,25.7,92.3,28.6,25.4,22.3,29.9,12.4,16.2,26.3
Apple,2020-03-09,18.1,37.2,43.3,9.1,38.4,23.1,31.0,88.6,27.2,23.4,20.5,28.7,15.4,14.8,22.0
Apple,2020-03-16,15.3,33.2,39.8,11.4,36.0,23.4,27.0,90.7,30.3,26.3,21.2,27.4,13.2,13.6,24.8
Apple,2020-03-23,18.8,29.0,36.3,7.6,33.2,22.6,24.6,91.1,31.8,26.5,20.8,28.3,15.1,14.1,26.2
Apple,2020-03-30,15.2,34.5,41.2,5.5,33.4,25.9,25.7,91.0,25.6,20.1,21.9,29.6,12.2,16.1,24.0
Apple,2020-04-06,22.0,37.1,43.9,12.1,39.7,28.5,31.0,91.8,29.7,20.0,18.5,29.8,13.7,15.6,25.5
Apple,2020-04-13,13.8,28.1,35.1,6.7,28.4,23.8,22.1,93.9,22.7,22.2,18.5,27.0,13.9,14.2,28.7
Apple,2020-04-20,14.8,30.4,40.4,10.1,34.4,29.3,25.6,89.5,26.5,22.4,19.1,28.5,13.9,14.5,22.4
Apple,2020-04-27,16.0,31.7,37.4,11.3,29.7,28.2,26.1,91.2,27.9,22.7,21.4,31.4,12.7,13.3,26.8
Apple,2020-05-04,11.7,32.0,37.7,7.8,34.4,27.3,22.1,89.1,24.6,22.3,17.7,30.6,13.3,14.0,26.4
Apple,2020-05-11,13.7,34.4,42.2,4.7,36.3,26.1,28.2,93.7,24.6,23.7,16.4,26.6,10.8,12.4,26.3
Apple,2020-05-18,15.5,33.0,40.2,7.6,34.4,26.5,25.9,91.3,26.5,19.9,17.6,28.2,14.4,13.3,27.0
Apple,2020-05-25,14.7,28.7,36.5,7.3,29.8,29.9,22.8,90.4,27.2,24.9,18.3,30.2,16.0,15.7,27.5
Apple,2020-06-01,11.5,31.9,36.6,7.8,33.3,24.6,23.5,90.3,27.8,20.4,19.8,30.1,14.0,16.8,23.5
Apple,2020-06-08,14.4,25.7,37.7,12.4,33.8,22.6,24.1,91.6,28.3,24.0,19.4,30.1,13.4,14.0,26.3
Apple,2020-06-15,13.1,32.5,40.7,10.8,33.2,23.9,26.4,88.4,22.4,21.4,17.4,26.3,12.3,12.6,24.1
Apple,2020-06-22,12.1,30.1,39.1,3.8,27.4,22.8,21.9,90.8,24.5,22.7,17.6,25.1,10.5,14.0,27.9
Apple,2020-06-29,14.2,31.1,42.6,9.2,34.2,26.4,27.2,91.1,30.0,22.1,18.5,30.0,16.2,11.8,28.3
Apple,2020-07-06,17.4,33.4,40.1,12.6,33.4,27.3,26.9,89.7,29.0,21.5,20.8,32.6,15.2,15.9,24.2
Apple,2020-07-13,15.8,31.1,39.9,9.3,30.1,25.1,27.8,90.9,28.2,21.5,18.8,25.9,13.2,17.3,23.5
Apple,2020-07-20,16.6,29.5,35.7,6.3,28.0,23.8,21.6,90.1,28.4,23.6,22.7,26.2,13.0,15.3,23.6
Apple,2020-07-27,15.7,33.3,45.5,13.5,34.7,30.4,30.7,90.4,27.0,27.6,23.4,30.4,13.2,12.8,28.6
Apple,2020-08-03,14.9,33.4,44.3,12.7,33.4,25.8,27.4,91.1,26.5,21.3,17.9,29.4,12.9,11.8,28.9
Apple,2020-08-10,11.1,23.2,32.5,2.5,29.6,21.8,24.0,89.9,28.7,24.3,19.7,26.5,13.4,12.2,26.5
Apple,2020-08-17,16.2,36.8,44.3,12.2,31.7,25.9,29.4,91.4,29.2,28.2,19.4,26.4,14.0,16.3,27.2
Apple,2020-08-24,11.0,26.9,36.4,-0.1,25.2,23.4,21.8,93.0,24.5,21.9,21.5,28.2,14.0,14.8,28.0
Apple,2020-08-31,20.1,31.4,40.8,8.4,31.2,26.0,25.8,92.1,29.9,26.2,22.0,30.0,14.2,14.9,24.5
Apple,2020-09-07,16.7,32.6,43.3,8.6,33.5,26.2,24.4,91.9,30.9,25.8,21.3,28.2,12.1,13.2,26.1
Apple,2020-09-14,18.0,32.8,44.5,8.9,33.6,25.9,25.5,90.9,27.6,23.6,21.4,27.8,12.0,14.3,26.2
Apple,2020-09-21,17.2,34.6,41.9,10.1,30.2,30.3,26.6,90.1,32.5,27.7,21.0,32.3,13.6,15.3,27.9
Apple,2020-09-28,19.6,33.6,43.4,12.1,34.1,27.6,28.2,95.1,31.2,31.3,22.2,31.5,14.8,15.5,28.3
Apple,2020-10-05,18.8,31.1,42.4,6.3,38.2,27.3,23.6,91.7,34.5,32.3,25.9,30.1,15.1,18.1,25.8
Apple,2020-10-12,26.5,32.9,44.7,11.9,36.9,29.1,31.8,92.6,39.2,35.1,25.7,33.2,20.0,16.7,25.7
Apple,2020-10-19,23.1,33.1,42.8,9.8,34.3,24.5,27.0,92.2,38.9,35.7,21.6,32.5,16.9,15.0,26.7
Apple,2020-10-26,22.1,33.5,47.1,8.0,32.6,28.1,26.0,92.1,34.2,35.7,23.9,28.3,13.0,18.1,26.0
Apple,2020-11-02,26.8,35.7,46.6,12.5,35.1,30.1,31.0,93.2,36.2,32.4,29.5,33.7,15.5,19.9,25.2
Apple,2020-11-09,19.1,30.6,43.2,7.5,36.5,26.3,23.9,92.4,32.5,36.0,24.2,30.6,16.2,17.8,24.7
Apple,2020-11-16,24.7,35.0,47.2,8.3,37.9,27.1,30.1,92.7,37.9,37.0,25.2,33.3,16.5,21.2,21.6
Apple,2020-11-23,16.6,31.2,41.1,8.8,32.2,26.0,25.5,91.7,28.0,31.9,20.3,28.0,13.7,12.7,27.9
Apple,2020-11-30,18.3,32.8,42.5,7.7,34.6,25.2,27.4,92.7,29.7,29.3,21.1,30.7,15.1,14.2,27.8
Apple,2020-12-07,19.7,32.2,45.4,11.5,35.6,25.8,31.1,91.3,33.3,34.9,22.6,30.9,16.0,17.5,23.9
Apple,2020-12-14,18.1,35.9,42.0,12.8,31.2,26.7,27.3,90.9,37.6,34.5,27.8,29.5,14.0,16.8,25.5
Apple,2020-12-21,19.3,33.9,39.3,7.7,34.7,25.2,25.5,94.0,34.7,35.4,25.0,30.8,15.1,16.1,27.7
Apple,2020-12-28,19.6,37.5,50.0,9.5,39.8,27.8,32.8,93.2,32.5,29.6,25.0,30.6,14.9,19.3,25.0
Apple,2021-01-04,16.3,25.9,33.0,8.9,28.3,22.2,20.0,85.8,28.6,28.7,21.3,25.5,12.1,16.0,23.5
Apple,2021-01-11,12.0,26.1,39.0,5.8,29.7,23.6,21.3,90.4,35.9,29.0,24.9,28.4,13.2,15.5,26.3
Apple,2021-01-18,14.8,25.4,36.0,8.3,27.5,23.9,20.4,93.1,37.7,28.3,26.8,30.8,15.4,18.0,25.0
Apple,2021-01-25,13.7,27.6,41.9,12.1,30.5,23.7,26.5,91.1,30.8,27.9,22.0,33.3,14.6,15.2,27.5
Apple,2021-02-01,18.4,25.5,38.7,4.7,30.5,26.2,20.3,91.2,29.6,25.3,19.3,26.5,11.1,14.5,24.3
Apple,2021-02-08,13.0,30.2,38.9,4.4,28.7,26.4,21.3,93.0,32.5,28.6,23.2,27.7,15.6,13.7,29.2
Apple,2021-02-15,14.9,23.3,39.7,6.5,29.5,24.2,24.7,91.6,30.1,27.5,23.8,25.6,12.5,12.3,27.0
Apple,2021-02-22,17.4,28.7,42.0,9.0,32.6,26.9,27.5,92.0,29.5,28.5,21.4,29.0,14.4,15.1,27.0
BMW,2019-07-01,5.1,18.6,26.1,-1.4,21.5,1.4,8.1,82.3,9.8,12.7,4.6,7.2,2.6,1.3,2.4
BMW,2019-07-08,4.3,23.7,29.4,-0.8,27.1,3.0,10.1,86.7,12.1,13.9,5.1,8.3,1.1,1.6,4.4
BMW,2019-07-15,6.9,24.8,31.4,4.0,25.9,1.9,12.4,88.1,10.4,12.2,7.5,7.1,1.8,2.1,2.6
BMW,2019-07-22,6.8,25.8,31.3,-2.0,27.8,4.4,11.6,86.1,11.7,10.4,7.1,8.0,1.4,2.5,2.8
BMW,2019-07-29,4.3,18.4,28.0,-2.2,23.5,3.0,9.4,89.0,9.5,10.1,6.2,7.4,1.2,2.1,3.7
BMW,2019-08-05,8.6,22.9,29.2,0.4,25.5,4.0,11.2,86.3,11.3,9.7,7.4,9.1,2.4,3.0,3.8
BMW,2019-08-12,9.2,21.2,28.7,-0.3,25.9,4.1,8.1,86.8,14.0,11.4,8.1,5.3,0.7,1.8,4.1
BMW,2019-08-19,8.7,23.1,33.1,2.8,27.9,2.5,11.5,86.8,13.2,11.8,6.2,7.5,1.5,2.4,4.1
BMW,2019-08-26,8.7,22.6,31.6,-0.2,25.6,2.7,8.2,88.6,11.8,11.9,7.6,6.2,1.7,3.0,3.3
BMW,2019-09-02,7.8,23.6,30.0,2.1,26.3,4.1,12.4,89.6,11.0,11.3,6.5,8.3,1.3,2.9,3.7
BMW,2019-09-09,6.8,24.8,32.5,1.5,24.1,3.5,11.8,87.1,9.8,12.1,8.0,9.2,1.5,2.1,4.0
BMW,2019-09-16,8.5,21.9,30.7,4.3,28.0,3.0,9.6,86.1,12.1,10.9,8.2,7.1,1.5,1.8,3.9
BMW,2019-09-23,9.9,25.6,34.1,0.8,32.3,4.7,8.6,88.4,14.0,13.4,8.2,8.7,2.2,2.4,5.4
BMW,2019-09-30,5.8,22.8,31.5,-3.2,26.1,2.7,9.2,87.1,12.3,13.0,7.3,7.0,1.4,1.2,4.2
BMW,2019-10-07,6.3,26.7,29.7,-0.3,25.2,4.8,12.5,87.2,11.4,8.2,7.6,8.8,1.4,3.5,4.4
BMW,2019-10-14,6.5,23.3,29.4,0.4,25.7,5.2,10.9,83.5,10.4,10.3,6.7,7.3,1.8,3.0,4.0
BMW,2019-10-21,6.9,21.5,30.6,-1.0,24.1,4.9,9.7,83.4,11.8,13.5,8.4,8.2,1.8,4.2,4.0
BMW,2019-10-28,4.1,19.2,23.3,-4.7,19.4,2.6,7.5,87.1,8.6,11.7,4.4,4.4,1.1,1.3,3.7
BMW,2019-11-04,6.4,20.0,27.3,1.4,24.3,2.2,9.8,86.3,11.1,11.2,6.1,8.3,1.7,2.2,3.4
BMW,2019-11-11,7.8,24.2,30.2,-0.3,30.7,3.4,11.2,86.8,10.2,9.7,5.2,6.8,1.5,1.6,4.5
BMW,2019-11-18,7.2,24.0,31.8,-1.8,28.1,4.3,13.1,86.3,10.9,10.9,7.3,9.7,3.3,3.2,4.6
BMW,2019-11-25,9.4,16.2,21.5,-4.5,20.6,3.1,6.8,87.6,12.4,13.6,4.8,6.5,2.3,2.6,2.1
BMW,2019-12-02,10.4,25.2,33.5,0.0,25.5,3.0,11.5,89.7,12.0,14.6,6.1,8.7,2.1,1.6,4.6
BMW,2019-12-09,7.8,24.4,31.9,0.2,25.5,4.5,11.8,89.9,11.4,13.0,6.8,7.7,2.2,2.0,5.0
BMW,2019-12-16,9.6,21.8,29.9,-2.7,26.3,4.3,10.8,88.2,11.7,12.3,6.1,7.7,1.3,2.1,4.3
BMW,2019-12-23,5.6,17.1,23.5,-2.0,26.3,2.5,6.2,84.4,12.0,11.6,7.0,6.0,0.7,2.4,4.4
BMW,2019-12-30,8.3,24.3,33.6,-0.9,29.9,2.0,17.7,89.2,11.1,12.2,7.5,6.9,0.7,1.0,6.6
BMW,2020-00,7.8,20.0,30.2,-4.0,25.6,3.1,9.4,89.5,9.6,10.7,7.4,9.8,1.4,1.7,4.8
BMW,2020-01-06,6.6,23.4,33.1,-2.3,24.0,3.5,8.4,86.7,10.4,9.3,5.7,8.6,1.3,1.4,4.6
BMW,2020-01-13,3.4,20.7,27.9,-5.0,21.8,1.3,5.6,87.5,7.1,10.5,4.4,6.0,1.3,1.2,2.3
BMW,2020-01-20,8.6,21.5,30.1,0.1,28.5,3.3,11.1,88.6,11.0,10.6,5.5,8.6,2.4,2.5,5.1
BMW,2020-01-27,9.9,22.7,30.0,-2.9,23.0,1.9,10.5,86.2,12.9,11.2,4.1,7.8,1.0,1.0,3.1
BMW,2020-02-03,9.6,23.9,33.6,-0.9,28.1,4.7,12.2,87.1,12.6,11.2,6.7,8.5,1.5,2.0,4.6
BMW,2020-02-10,8.0,23.6,29.9,0.1,25.9,3.9,12.1,89.4,11.3,12.3,6.0,7.3,1.5,1.8,3.2
BMW,2020-02-17,6.3,25.9,33.5,-4.8,28.0,1.9,9.6,89.0,10.3,11.7,5.9,7.1,1.2,2.1,3.8
BMW,2020-02-24,7.4,27.5,31.3,-2.0,26.9,2.2,10.9,89.4,9.9,10.7,5.9,7.2,1.5,1.8,4.7
BMW,2020-03-02,9.3,26.3,32.7,2.2,29.6,3.4,11.8,90.5,14.0,13.9,5.3,8.1,1.1,1.4,3.9
BMW,2020-03-09,6.9,23.2,29.3,1.6,25.7,2.0,8.0,89.1,11.4,11.0,7.5,8.8,1.2,1.8,3.7
BMW,2020-03-16,5.2,19.4,29.2,1.0,25.8,2.8,10.9,87.5,7.9,9.8,5.6,8.0,1.2,2.6,3.6
BMW,2020-03-23,7.3,21.6,32.8,3.3,29.3,3.1,10.9,89.2,11.4,11.3,5.4,8.2,1.4,2.4,5.1
BMW,2020-03-30,7.7,28.6,31.9,1.2,29.8,4.3,10.0,90.2,8.7,10.6,3.5,9.1,2.4,2.4,5.1
BMW,2020-04-06,4.5,19.5,29.8,-3.4,24.8,2.5,8.6,89.0,8.9,8.2,3.6,6.5,1.7,1.2,3.9
BMW,2020-04-13,4.8,23.4,30.9,-0.2,24.6,3.1,9.7,86.3,10.5,7.5,5.2,6.1,1.8,1.9,4.5
BMW,2020-04-20,6.3,25.9,32.0,3.1,27.2,2.8,10.8,89.4,8.6,8.4,5.1,8.2,3.6,1.7,3.1
BMW,2020-04-27,5.3,21.2,28.3,-3.3,26.0,3.1,8.8,87.8,6.8,6.6,5.5,8.0,1.6,1.1,5.4
BMW,2020-05-04,7.7,24.5,31.8,-0.5,23.4,2.3,7.9,90.8,11.0,7.6,5.6,6.5,0.7,2.0,2.7
BMW,2020-05-11,7.8,24.1,29.6,0.4,27.0,2.1,13.7,88.0,11.4,8.1,6.4,8.4,0.7,1.5,4.9
BMW,2020-05-18,4.5,23.9,27.2,-2.7,26.4,4.1,9.0,87.9,9.3,8.1,3.4,7.2,1.1,1.8,4.5
BMW,2020-05-25,5.6,21.2,28.4,-0.9,25.5,4.6,11.4,87.2,10.0,8.8,7.1,8.3,1.3,3.0,4.9
BMW,2020-06-01,9.5,25.5,31.9,-0.4,26.5,4.7,12.1,87.0,12.3,7.9,7.9,9.6,2.9,2.7,7.0
BMW,2020-06-08,7.3,25.3,33.2,2.6,27.3,3.4,13.1,88.5,9.8,9.9,6.3,8.6,1.6,3.5,2.2
BMW,2020-06-15,4.9,19.3,28.1,-5.3,26.8,1.3,10.2,91.5,8.6,8.6,5.6,7.4,0.9,2.0,6.1
BMW,2020-06-22,6.4,24.1,30.1,1.1,27.0,2.3,9.8,85.1,8.4,7.8,4.3,4.3,0.8,1.4,4.1
BMW,2020-06-29,6.9,24.2,31.8,3.3,31.9,4.1,8.5,91.4,10.2,9.2,6.9,7.2,2.4,2.6,4.0
BMW,2020-07-06,7.0,26.5,34.2,2.5,27.2,2.0,12.5,85.8,10.2,10.1,7.2,6.7,1.3,1.6,3.7
BMW,2020-07-13,5.0,19.4,27.2,-4.8,24.1,2.2,9.0,89.5,9.4,9.5,4.5,8.1,1.9,1.5,3.5
BMW,2020-07-20,7.0,20.9,27.7,-3.5,26.2,4.0,9.8,87.8,10.0,9.7,5.2,8.5,2.3,2.8,3.8
BMW,2020-07-27,5.7,24.0,31.2,-4.0,26.5,4.1,7.8,88.4,11.1,9.0,6.9,8.2,2.0,2.6,4.7
BMW,2020-08-03,5.3,22.9,30.1,3.2,24.6,3.9,12.3,89.7,9.7,9.7,5.6,9.1,2.2,2.0,5.9
BMW,2020-08-10,8.5,20.0,27.1,-2.4,26.0,2.7,10.2,89.4,13.4,11.8,8.4,7.6,2.8,1.7,3.8
BMW,2020-08-17,7.6,22.4,29.6,-1.4,29.9,2.2,10.5,90.9,12.9,11.8,9.3,9.4,2.1,3.7,3.3
BMW,2020-08-24,6.8,24.5,29.7,1.2,26.2,3.4,11.2,88.2,9.1,8.6,7.8,7.3,1.1,2.6,3.4
BMW,2020-08-31,8.7,25.1,35.1,0.1,26.5,3.4,10.3,92.0,13.8,8.5,7.2,9.0,2.5,2.2,4.9
BMW,2020-09-07,6.5,24.5,33.5,-0.3,31.3,1.7,12.4,91.6,8.2,8.9,8.0,8.7,1.8,2.0,3.0
BMW,2020-09-14,4.5,28.5,35.6,1.1,31.1,3.0,15.4,89.0,11.2,10.8,5.3,8.2,2.8,2.6,4.7
BMW,2020-09-21,8.5,26.6,31.7,-2.9,28.0,3.1,10.0,90.3,12.5,13.7,8.4,7.8,1.8,2.8,3.0
BMW,2020-09-28,5.6,26.0,33.9,0.7,26.5,2.1,11.4,91.5,11.0,10.0,5.5,8.9,0.6,1.6,5.1
BMW,2020-10-05,8.0,23.1,31.0,0.0,25.1,3.1,12.7,89.5,12.9,10.7,6.3,9.4,2.0,3.1,3.4
BMW,2020-10-12,4.3,28.0,32.0,-1.3,29.9,4.5,9.2,92.2,9.2,11.0,5.8,7.6,0.6,1.7,5.9
BMW,2020-10-19,9.4,23.3,31.8,0.4,27.7,5.0,10.4,89.7,14.4,11.9,6.8,8.0,3.1,2.9,3.5
BMW,2020-10-26,10.7,24.7,33.2,2.1,31.0,3.7,9.2,91.8,13.8,11.2,6.3,8.2,1.2,1.4,3.9
BMW,2020-11-02,7.7,24.3,30.2,-1.5,26.9,4.1,10.8,87.8,10.9,13.2,7.1,8.1,1.2,3.2,2.4
BMW,2020-11-09,9.0,23.3,28.7,-0.8,27.2,2.2,8.1,90.1,11.4,9.6,6.9,7.7,1.6,1.2,4.3
BMW,2020-11-16,6.8,24.3,31.3,-1.2,29.2,2.6,11.2,87.5,11.4,11.4,5.0,10.1,1.5,1.2,3.7
BMW,2020-11-23,10.5,23.8,33.6,3.4,31.3,6.1,11.0,90.0,12.0,14.4,8.1,9.2,1.6,3.4,5.0
BMW,2020-11-30,7.1,17.7,31.7,-0.9,27.7,3.4,11.3,90.7,13.1,14.0,5.7,5.3,1.5,1.0,4.7
BMW,2020-12-07,8.1,20.4,27.8,-4.8,25.8,1.0,9.8,89.4,12.7,10.6,6.4,7.4,1.5,2.5,4.5
BMW,2020-12-14,8.7,27.6,36.7,0.7,30.8,1.8,11.9,88.9,11.6,11.5,7.7,8.4,1.0,1.9,5.0
BMW,2020-12-21,8.0,22.9,29.2,1.4,29.7,3.3,10.6,90.7,13.6,12.8,6.0,8.0,1.2,1.4,3.3
BMW,2020-12-28,8.4,22.9,32.1,-0.4,30.9,4.0,8.2,87.8,11.9,11.1,6.7,7.2,1.2,1.6,5.0
BMW,2021-01-04,8.7,25.5,32.0,0.6,25.2,4.8,12.1,88.9,14.1,12.5,7.4,10.8,2.9,3.4,4.5
BMW,2021-01-11,8.9,21.1,29.2,0.4,26.0,3.4,10.7,89.8,12.9,10.3,5.6,7.4,2.2,2.6,4.4
BMW,2021-01-18,5.3,21.3,30.1,-0.3,24.3,2.5,8.6,88.3,11.4,10.1,5.4,6.5,1.5,2.6,4.9
BMW,2021-01-25,5.9,21.4,28.2,-1.5,27.3,2.9,8.5,89.6,10.5,7.3,6.7,6.2,0.7,1.4,2.6
BMW,2021-02-01,5.7,19.3,27.6,-2.7,24.3,3.5,8.3,88.1,11.7,10.2,5.5,6.5,1.6,1.5,4.1
BMW,2021-02-08,5.2,23.2,28.1,-1.0,27.9,2.6,11.3,87.3,9.4,11.0,6.2,8.2,1.5,3.0,5.0
BMW,2021-02-15,10.6,26.1,34.0,-1.6,28.5,4.6,10.5,91.8,14.6,13.0,12.7,8.9,2.8,4.6,4.8
BMW,2021-02-22,6.2,21.4,29.3,-2.9,21.8,3.3,7.1,92.0,9.3,9.5,4.0,6.8,1.3,1.6,4.3
Coca-Cola,2019-07-01,19.4,37.3,32.8,24.6,29.9,35.6,28.3,88.2,23.6,35.5,17.7,35.1,12.4,27.1,38.1
Coca-Cola,2019-07-08,24.8,41.0,41.2,26.7,37.6,38.9,33.6,94.0,30.1,38.8,26.6,36.9,18.4,31.9,37.7
Coca-Cola,2019-07-15,16.6,32.3,33.4,18.2,34.1,37.8,27.6,91.3,27.8,36.1,23.4,32.0,17.2,28.5,39.2
Coca-Cola,2019-07-22,17.6,32.9,35.7,22.1,35.1,34.8,29.7,92.6,26.0,35.1,19.2,32.8,15.1,26.7,41.5
Coca-Cola,2019-07-29,22.1,35.8,36.5,24.2,35.4,38.3,31.1,93.1,27.7,31.8,21.9,34.5,14.9,27.6,38.5
Coca-Cola,2019-08-05,16.9,31.2,32.6,22.7,29.2,33.4,22.7,91.2,22.6,33.9,19.4,31.0,13.5,27.3,39.2
Coca-Cola,2019-08-12,16.4,35.5,40.4,27.2,35.0,36.6,29.3,92.6,22.0,32.8,17.9,32.6,15.5,28.4,36.1
Coca-Cola,2019-08-19,19.8,34.1,36.6,19.8,32.2,36.1,26.7,92.5,26.5,31.8,20.1,33.0,15.1,26.8,38.2
Coca-Cola,2019-08-26,16.6,33.7,31.2,18.2,33.5,36.9,25.4,92.2,27.2,33.9,20.6,31.8,11.7,28.1,40.5
Coca-Cola,2019-09-02,13.7,24.4,28.6,21.8,24.6,31.7,18.8,88.1,25.3,33.7,17.9,30.4,12.8,24.2,36.5
Coca-Cola,2019-09-09,16.5,36.6,40.3,25.4,36.0,36.7,29.8,89.1,22.7,31.4,19.3,33.5,17.3,27.9,40.3
Coca-Cola,2019-09-16,15.0,37.9,41.7,25.1,36.7,38.7,27.7,93.5,23.9,34.5,22.6,36.1,15.4,27.9,43.8
Coca-Cola,2019-09-23,13.9,31.5,33.7,18.5,29.6,32.4,20.7,93.1,27.3,36.4,16.8,28.5,12.7,26.2,36.0
Coca-Cola,2019-09-30,16.8,27.2,33.8,11.9,26.6,34.2,20.5,90.4,26.6,35.2,20.7,33.7,15.8,27.2,37.7
Coca-Cola,2019-10-07,13.4,29.7,34.9,18.2,31.6,34.0,25.8,92.9,21.9,36.3,19.2,30.0,10.9,28.1,39.6
Coca-Cola,2019-10-14,21.3,34.1,34.7,22.5,31.7,38.3,24.4,89.4,27.2,34.3,18.7,32.7,16.6,28.1,39.4
Coca-Cola,2019-10-21,18.8,34.7,37.4,23.9,35.4,37.9,29.6,92.3,24.3,35.1,23.6,31.8,16.4,28.3,41.6
Coca-Cola,2019-10-28,20.2,34.8,34.0,23.7,37.3,35.7,29.7,91.5,29.8,38.6,21.7,33.5,15.1,29.3,39.5
Coca-Cola,2019-11-04,16.8,32.2,33.9,21.5,31.8,33.0,25.2,91.0,24.1,34.7,19.2,30.0,12.8,26.1,40.6
Coca-Cola,2019-11-11,12.6,30.9,33.1,18.4,30.7,34.0,26.7,93.2,21.8,37.8,18.3,30.5,14.1,25.6,40.6
Coca-Cola,2019-11-18,16.7,35.1,35.6,22.7,37.1,34.3,28.4,94.1,21.9,32.8,19.3,31.1,16.6,27.1,40.8
Coca-Cola,2019-11-25,16.8,33.6,33.9,21.9,38.0,39.3,22.4,92.2,24.0,34.3,17.7,32.6,15.3,27.8,40.1
Coca-Cola,2019-12-02,21.3,33.8,38.3,23.4,28.9,37.2,26.2,93.7,27.7,42.8,20.1,34.9,16.9,30.2,38.2
Coca-Cola,2019-12-09,20.3,27.1,28.9,21.8,26.5,31.9,23.5,93.9,29.4,40.6,20.3,32.1,11.6,27.0,35.4
Coca-Cola,2019-12-16,15.8,29.5,29.0,19.0,28.1,33.7,27.7,94.4,24.9,37.3,19.2,28.5,14.9,23.1,46.1
Coca-Cola,2019-12-23,22.2,37.8,32.7,16.9,29.4,36.8,28.9,95.0,27.8,40.9,23.0,33.5,13.1,28.4,40.2
Coca-Cola,2019-12-30,21.5,30.3,29.8,16.6,31.4,33.1,21.2,89.5,26.7,42.8,16.9,27.7,14.3,31.0,35.1
Coca-Cola,2020-00,17.4,28.8,31.6,23.7,30.6,32.5,27.7,95.0,24.4,36.0,20.7,31.5,15.3,30.5,41.8
Coca-Cola,2020-01-06,17.3,31.2,35.9,20.4,28.9,37.1,23.3,93.5,23.3,37.8,17.9,31.5,17.8,28.3,39.0
Coca-Cola,2020-01-13,18.4,34.6,34.5,19.4,32.0,32.1,27.3,90.3,23.5,32.4,15.3,34.2,14.3,25.3,38.9
Coca-Cola,2020-01-20,13.7,28.1,29.6,20.1,27.2,33.3,22.7,92.7,24.6,30.1,17.7,28.9,14.0,24.3,42.0
Coca-Cola,2020-01-27,14.0,34.2,35.1,27.0,34.5,35.7,27.4,93.1,21.4,32.9,19.1,35.6,13.8,24.2,40.0
Coca-Cola,2020-02-03,18.3,30.9,35.6,20.5,32.2,34.5,27.1,91.7,25.6,37.7,16.7,33.5,14.8,25.5,36.6
Coca-Cola,2020-02-10,13.2,32.4,33.1,18.8,32.6,32.6,25.7,93.4,23.6,34.0,18.2,31.8,15.7,25.2,43.3
Coca-Cola,2020-02-17,16.7,32.7,30.1,23.7,29.5,34.2,27.8,94.1,26.3,37.8,21.2,35.0,14.5,28.3,43.1
Coca-Cola,2020-02-24,13.9,34.1,36.6,20.0,31.9,37.3,25.7,93.8,23.1,32.2,19.4,29.3,10.2,25.5,45.8
Coca-Cola,2020-03-02,14.9,29.9,32.4,20.9,27.6,37.3,24.9,90.4,23.3,31.3,20.2,32.8,15.0,25.4,41.7
Coca-Cola,2020-03-09,11.3,35.3,29.0,18.1,30.4,35.7,26.1,92.0,24.7,27.4,17.5,32.0,13.1,27.6,39.2
Coca-Cola,2020-03-16,18.8,38.1,37.6,24.9,35.0,38.0,29.5,93.5,23.2,34.4,23.9,38.4,20.5,30.3,39.1
Coca-Cola,2020-03-23,14.7,31.6,33.2,17.0,36.5,35.6,26.9,93.7,21.8,29.0,17.6,30.0,14.4,24.7,43.8
Coca-Cola,2020-03-30,12.7,39.0,40.0,22.9,33.1,36.3,28.7,94.6,18.0,27.6,16.6,32.0,13.3,22.8,44.4
Coca-Cola,2020-04-06,16.4,30.5,35.5,19.2,33.7,37.1,24.7,93.8,20.1,22.5,21.6,30.5,13.7,24.7,43.8
Coca-Cola,2020-04-13,16.0,33.5,33.1,23.1,31.4,35.1,26.2,94.3,22.1,21.7,18.4,31.3,13.4,23.1,46.4
Coca-Cola,2020-04-20,16.8,35.0,38.1,28.8,34.6,40.1,34.0,93.7,21.2,26.5,18.1,31.9,18.5,23.7,43.2
Coca-Cola,2020-04-27,16.7,37.1,37.7,23.3,36.2,35.3,29.5,93.3,21.2,26.5,19.1,33.0,14.2,21.5,44.4
Coca-Cola,2020-05-04,18.6,41.3,41.3,24.7,35.5,36.5,31.4,90.3,20.6,21.9,20.0,34.9,16.3,24.4,42.5
Coca-Cola,2020-05-11,17.5,29.8,30.5,15.7,34.1,30.6,23.2,91.7,26.1,26.5,18.8,28.7,15.4,22.7,44.2
Coca-Cola,2020-05-18,17.0,29.0,29.8,16.5,30.2,35.2,22.4,89.7,20.3,29.2,14.7,29.3,13.8,22.3,43.4
Coca-Cola,2020-05-25,17.4,34.0,37.4,23.5,33.9,37.8,27.0,93.5,21.9,24.0,21.3,30.4,16.2,26.7,45.8
Coca-Cola,2020-06-01,13.9,30.4,30.9,19.6,30.1,30.8,25.5,93.2,22.3,24.2,15.8,30.0,14.3,22.5,41.3
Coca-Cola,2020-06-08,11.9,34.8,32.7,21.8,29.0,39.8,25.1,92.5,18.3,23.5,16.4,32.8,12.4,25.8,43.3
Coca-Cola,2020-06-15,16.3,31.2,31.1,18.5,32.3,32.3,25.1,91.3,21.3,27.5,18.9,29.5,13.7,26.1,44.0
Coca-Cola,2020-06-22,18.5,36.7,37.6,23.2,38.2,39.2,32.5,92.2,22.6,26.6,20.3,36.0,16.9,30.6,36.7
Coca-Cola,2020-06-29,11.6,32.7,35.8,21.5,35.2,34.3,26.1,93.9,22.0,26.0,18.5,29.8,13.4,23.3,45.0
Coca-Cola,2020-07-06,18.3,30.7,35.5,28.6,34.8,37.8,30.4,93.5,24.3,31.3,23.7,34.6,17.8,29.4,41.8
Coca-Cola,2020-07-13,15.1,34.3,36.0,21.8,32.3,37.4,28.1,92.2,20.9,29.0,16.6,31.8,14.8,28.6,37.8
Coca-Cola,2020-07-20,19.3,37.1,37.1,27.0,35.6,34.4,31.9,91.0,23.2,30.4,19.7,30.4,13.1,24.9,37.5
Coca-Cola,2020-07-27,14.7,38.9,38.8,28.7,33.9,40.5,28.0,93.3,21.7,30.2,20.1,34.4,16.5,29.4,40.8
Coca-Cola,2020-08-03,11.9,29.4,33.6,20.7,29.8,29.1,26.3,91.5,16.7,22.9,15.0,29.7,11.6,25.4,39.1
Coca-Cola,2020-08-10,13.2,34.9,35.1,21.9,29.8,35.4,28.9,93.8,18.2,25.6,17.2,34.4,15.8,25.3,40.3
Coca-Cola,2020-08-17,14.7,36.6,38.4,22.5,38.6,38.2,29.0,93.3,20.8,25.4,21.0,33.2,16.0,26.3,40.7
Coca-Cola,2020-08-24,16.3,32.0,32.2,24.9,30.6,34.1,26.1,93.1,23.5,33.1,16.7,29.7,13.0,26.8,39.2
Coca-Cola,2020-08-31,14.4,31.5,30.1,19.2,32.0,32.4,25.7,94.2,24.3,30.4,19.7,31.8,13.2,24.7,47.6
Coca-Cola,2020-09-07,14.6,36.7,36.8,22.9,30.6,38.4,29.6,94.3,22.2,31.9,20.8,36.5,17.0,29.7,37.8
Coca-Cola,2020-09-14,14.7,37.8,36.9,24.9,33.5,39.7,27.8,91.0,21.9,25.9,18.8,34.6,13.5,29.7,39.2
Coca-Cola,2020-09-21,13.2,37.6,39.2,22.4,36.4,36.9,31.2,94.8,20.2,29.8,19.5,36.1,14.3,29.4,41.1
Coca-Cola,2020-09-28,18.7,30.4,34.0,19.4,28.3,30.6,21.2,92.8,24.1,32.9,15.6,32.1,15.4,25.3,41.9
Coca-Cola,2020-10-05,15.0,31.4,36.2,20.1,29.4,36.4,23.8,94.1,25.4,35.1,23.2,28.4,11.3,26.8,39.5
Coca-Cola,2020-10-12,16.4,35.8,35.2,24.9,34.6,38.5,33.1,90.4,26.1,30.6,21.2,32.1,11.7,27.3,42.4
Coca-Cola,2020-10-19,18.8,34.3,35.3,18.4,36.3,35.1,22.7,92.2,22.5,33.0,19.2,31.4,15.0,27.2,38.2
Coca-Cola,2020-10-26,18.3,40.3,39.8,22.4,39.2,39.4,32.4,96.4,26.4,35.3,20.3,39.1,16.9,26.6,44.5
Coca-Cola,2020-11-02,17.1,30.4,34.1,23.8,32.0,34.9,25.9,93.5,22.0,30.4,19.7,29.2,15.4,26.5,43.5
Coca-Cola,2020-11-09,12.1,31.7,35.7,23.8,36.0,34.7,27.2,93.0,24.8,31.3,19.0,30.6,13.8,24.9,40.8
Coca-Cola,2020-11-16,15.0,33.7,34.3,24.3,35.9,36.1,27.3,94.0,22.5,28.4,17.9,33.2,12.0,25.6,40.3
Coca-Cola,2020-11-23,18.3,34.8,35.9,22.9,35.3,31.9,29.0,91.4,25.4,33.7,18.6,29.8,15.6,25.4,41.2
Coca-Cola,2020-11-30,17.2,39.9,40.2,27.3,34.3,41.6,31.8,93.2,24.9,33.8,20.3,35.5,13.9,27.3,40.6
Coca-Cola,2020-12-07,17.5,34.5,34.4,20.7,27.9,34.1,24.9,91.3,25.8,27.2,21.2,31.9,11.9,23.3,44.5
Coca-Cola,2020-12-14,15.5,32.9,33.2,24.9,30.5,35.3,25.9,90.5,23.1,31.7,18.6,29.8,14.5,25.8,41.1
Coca-Cola,2020-12-21,20.0,36.2,32.7,20.5,29.7,33.4,22.9,91.5,26.7,32.8,17.7,33.5,11.7,26.5,39.6
Coca-Cola,2020-12-28,20.9,36.3,36.7,25.4,30.0,37.0,29.0,94.2,25.2,34.7,20.6,30.0,13.5,27.5,41.3
Coca-Cola,2021-01-04,21.3,34.1,35.1,26.9,30.1,33.9,26.7,92.8,26.9,28.2,17.0,28.8,13.5,22.1,39.6
Coca-Cola,2021-01-11,10.8,26.2,34.4,24.6,32.6,29.1,21.3,91.1,21.9,25.1,14.8,25.2,10.6,21.3,42.1
Coca-Cola,2021-01-18,14.3,33.8,37.7,23.2,30.4,36.9,30.0,93.6,22.7,25.8,17.3,32.3,13.3,25.4,42.4
Coca-Cola,2021-01-25,15.7,38.4,39.4,21.6,34.4,34.2,28.8,94.3,23.9,33.3,20.1,29.4,14.2,25.3,43.8
Coca-Cola,2021-02-01,19.9,39.3,35.3,27.5,35.5,37.1,29.0,94.2,24.9,27.3,18.8,28.8,11.1,26.3,41.1
Coca-Cola,2021-02-08,16.7,36.1,39.0,23.8,36.7,40.0,32.1,95.7,23.8,30.5,17.7,33.0,16.1,25.3,46.3
Coca-Cola,2021-02-15,23.7,38.3,32.3,21.3,36.3,34.5,24.3,92.5,30.9,35.5,22.2,36.0,11.4,29.8,35.7
Coca-Cola,2021-02-22,12.4,30.1,31.9,20.0,24.1,31.6,19.3,93.2,25.9,27.1,19.1,29.0,10.8,21.5,44.5
HM,2019-07-01,7.2,11.2,6.6,8.0,5.3,11.5,8.5,53.8,11.3,6.3,7.0,12.7,3.2,6.4,14.6
HM,2019-07-08,4.5,17.7,8.4,10.9,12.6,11.2,13.2,56.6,9.2,6.7,5.9,14.8,5.4,6.4,13.3
HM,2019-07-15,3.3,8.7,6.7,7.0,9.1,8.5,9.0,52.1,7.7,6.7,4.7,11.4,3.5,4.5,11.9
HM,2019-07-22,6.9,16.9,8.2,9.1,9.9,10.9,12.8,57.3,9.9,6.7,8.4,12.7,4.5,5.4,14.7
HM,2019-07-29,4.7,12.3,6.7,7.5,8.2,8.2,9.3,54.6,9.8,8.2,4.1,11.8,3.9,5.7,12.5
HM,2019-08-05,3.1,14.1,8.7,12.1,11.1,11.4,13.1,54.5,10.1,7.5,7.1,15.2,3.2,5.1,15.8
HM,2019-08-12,7.7,13.0,5.3,8.3,9.4,12.1,10.7,54.9,12.2,8.6,8.1,12.2,4.4,7.4,13.9
HM,2019-08-19,6.8,12.6,9.4,12.5,8.1,10.2,10.1,57.3,9.5,7.3,6.7,13.7,6.1,6.6,15.0
HM,2019-08-26,5.5,16.5,6.9,10.5,7.5,8.9,11.1,56.5,10.8,8.5,7.1,11.5,3.3,5.5,16.0
HM,2019-09-02,4.9,14.6,6.2,13.4,9.0,9.8,12.7,58.4,10.0,8.4,9.4,15.0,5.3,6.8,14.7
HM,2019-09-09,8.0,13.2,4.0,9.8,5.7,10.3,8.3,52.2,10.4,5.8,8.9,10.3,3.7,7.2,12.3
HM,2019-09-16,4.4,12.7,7.9,8.2,10.0,9.3,7.9,55.9,8.5,7.5,6.7,11.4,3.2,5.7,10.3
HM,2019-09-23,4.6,16.7,6.7,10.1,10.5,14.2,14.1,58.5,9.2,7.0,6.3,17.3,5.4,7.8,14.7
HM,2019-09-30,3.9,9.7,5.2,7.9,5.1,7.2,9.8,54.4,10.1,6.7,5.8,10.5,4.1,3.7,16.2
HM,2019-10-07,5.9,13.7,5.6,9.6,9.0,10.0,10.7,51.7,10.0,7.4,5.4,11.9,4.1,5.0,14.7
HM,2019-10-14,4.1,14.8,8.3,11.8,8.0,9.9,12.3,55.1,9.8,7.7,7.9,13.3,4.6,6.4,13.7
HM,2019-10-21,7.0,13.7,8.5,11.2,12.0,10.8,14.6,57.8,10.8,8.0,9.2,14.2,5.0,6.2,14.5
HM,2019-10-28,3.5,14.4,8.5,9.3,11.6,9.3,12.7,55.3,9.8,6.9,7.0,13.2,4.2,4.9,15.9
HM,2019-11-04,6.2,15.2,7.3,11.9,9.2,12.0,13.5,53.1,9.0,7.3,7.3,15.0,4.4,7.2,13.4
HM,2019-11-11,5.3,17.8,9.5,11.2,8.0,10.4,13.1,58.6,10.2,6.7,6.2,14.9,4.9,6.2,13.4
HM,2019-11-18,5.3,15.0,7.0,12.4,9.4,12.9,13.6,56.7,9.4,7.0,8.7,14.5,5.0,6.9,15.5
HM,2019-11-25,6.2,19.3,10.4,15.3,14.7,11.7,13.3,57.1,9.4,8.2,6.0,14.8,5.2,6.1,17.1
HM,2019-12-02,3.2,13.3,6.2,11.3,6.0,9.3,10.4,57.1,9.2,6.9,6.4,12.5,4.2,5.2,16.5
HM,2019-12-09,3.5,12.6,8.3,9.6,7.2,10.3,10.4,60.9,7.9,8.2,8.1,12.6,2.9,5.3,16.4
HM,2019-12-16,7.6,16.2,9.2,12.0,12.3,11.2,12.5,58.2,13.5,9.5,10.4,15.0,4.2,6.9,13.4
HM,2019-12-23,8.1,14.8,7.3,11.2,7.5,10.5,14.5,59.1,11.2,8.1,8.1,13.8,6.6,7.0,12.5
HM,2019-12-30,6.3,16.6,9.0,11.5,11.2,13.4,11.5,59.5,12.2,12.2,7.3,13.0,5.2,5.5,16.2
HM,2020-00,5.0,9.6,8.0,9.7,9.3,8.5,13.0,56.2,6.8,7.1,4.0,13.6,4.0,4.3,14.1
HM,2020-01-06,7.4,14.6,8.6,12.1,10.8,11.3,13.2,56.3,10.5,6.3,7.1,11.8,4.1,6.3,14.4
HM,2020-01-13,4.5,14.2,7.6,12.3,8.0,11.3,11.1,57.1,9.0,5.8,6.5,13.1,5.2,7.8,11.9
HM,2020-01-20,6.5,15.3,8.3,11.5,10.1,11.9,12.5,61.2,10.1,8.3,7.4,13.1,2.6,5.8,16.8
HM,2020-01-27,5.3,13.5,8.4,11.1,10.0,10.4,12.7,57.1,7.8,6.5,4.4,11.3,3.6,4.9,14.7
HM,2020-02-03,6.5,15.2,10.9,13.1,12.0,10.2,12.2,56.6,12.0,6.5,8.2,13.6,4.1,6.7,13.8
HM,2020-02-10,6.3,13.6,8.9,11.9,10.6,9.4,10.6,57.9,8.9,6.3,5.7,12.7,2.8,5.8,13.1
HM,2020-02-17,5.5,10.5,4.2,7.7,5.0,6.3,7.2,59.4,9.3,5.7,6.8,13.5,4.4,4.9,13.8
HM,2020-02-24,3.6,14.0,4.0,7.3,5.6,9.7,7.9,55.4,7.6,6.7,6.4,11.1,5.3,6.1,15.0
HM,2020-03-02,5.1,16.5,8.2,13.3,8.4,11.6,14.7,58.0,9.6,6.1,6.3,14.6,2.1,5.0,17.9
HM,2020-03-09,5.1,15.7,6.2,9.9,8.5,7.2,9.5,57.8,8.5,6.0,6.1,9.7,1.5,6.1,14.5
HM,2020-03-16,7.3,16.6,8.6,9.0,7.3,11.6,10.2,58.7,10.6,6.9,8.5,13.8,5.5,7.1,14.4
HM,2020-03-23,2.8,10.6,0.6,7.3,5.3,6.2,7.0,53.5,6.0,3.9,3.7,10.9,2.5,2.8,16.7
HM,2020-03-30,3.8,12.9,4.8,8.9,5.9,9.0,9.8,58.1,7.5,3.2,3.9,11.0,4.4,3.9,17.0
HM,2020-04-06,6.3,16.8,9.9,12.4,11.3,10.6,13.2,54.8,8.1,5.7,4.7,12.4,3.5,3.7,14.1
HM,2020-04-13,4.0,13.1,7.8,10.4,8.4,11.6,11.1,57.4,7.9,5.2,5.3,15.2,4.5,4.0,16.5
HM,2020-04-20,3.2,17.5,9.4,12.7,11.5,11.0,12.4,56.7,4.6,5.6,3.9,12.6,5.9,4.4,16.1
HM,2020-04-27,2.9,12.1,5.1,8.4,8.2,8.1,9.7,57.0,6.3,5.3,4.9,10.8,4.4,4.3,14.4
HM,2020-05-04,4.6,12.9,8.0,10.1,8.4,8.5,10.9,57.8,7.5,4.7,4.7,11.3,3.9,3.1,16.0
HM,2020-05-11,5.7,14.5,7.2,12.8,10.7,11.2,12.9,55.6,6.8,5.7,4.1,13.2,3.5,2.6,19.4
HM,2020-05-18,4.4,13.9,6.2,11.1,8.9,7.0,10.3,56.1,7.1,5.8,5.1,12.1,2.9,2.5,18.7
HM,2020-05-25,5.0,12.4,9.3,12.0,8.5,10.0,11.3,52.5,7.8,6.0,4.1,12.0,4.5,4.7,12.9
HM,2020-06-01,2.8,14.1,7.8,11.0,8.6,10.9,11.8,54.0,5.7,4.2,4.0,8.2,2.9,1.9,15.0
HM,2020-06-08,4.0,15.2,8.3,12.6,8.7,10.4,12.9,56.2,7.0,5.0,5.0,11.1,3.4,2.7,14.5
HM,2020-06-15,3.3,14.9,6.6,10.6,8.3,9.5,10.9,54.7,10.2,5.7,5.2,12.3,4.3,4.1,15.4
HM,2020-06-22,3.8,15.6,8.6,13.9,8.7,13.5,12.2,55.4,6.4,6.0,6.2,14.7,4.5,4.5,15.1
HM,2020-06-29,3.6,14.9,9.3,9.0,9.3,12.2,11.0,59.6,7.5,5.9,4.4,9.9,3.8,4.0,17.2
HM,2020-07-06,2.9,12.6,4.9,12.1,8.2,9.5,8.7,60.4,7.0,6.2,5.5,10.0,2.2,3.0,16.2
HM,2020-07-13,5.9,14.9,11.2,13.6,12.0,12.5,14.4,61.5,9.4,7.0,6.7,13.9,5.0,3.8,18.7
HM,2020-07-20,5.5,11.4,4.1,8.7,7.1,9.9,10.6,57.9,7.0,4.2,5.5,11.5,2.7,2.5,19.1
HM,2020-07-27,4.2,11.2,9.6,8.8,8.7,8.8,10.1,55.7,7.0,4.9,5.0,10.2,3.9,2.7,16.4
HM,2020-08-03,1.4,8.7,5.4,7.4,7.4,10.4,9.3,58.1,8.0,7.1,4.6,10.9,3.9,4.3,14.2
HM,2020-08-10,5.9,13.6,7.0,9.7,7.9,10.3,10.8,57.0,6.8,7.0,6.0,11.5,4.7,4.4,16.1
HM,2020-08-17,3.4,15.5,8.4,10.4,8.1,9.1,10.5,57.9,6.7,5.2,3.8,11.4,3.9,3.2,16.6
HM,2020-08-24,4.1,11.8,6.5,8.2,6.0,7.9,9.3,56.5,5.9,5.1,4.4,9.8,2.8,2.9,16.0
HM,2020-08-31,6.1,13.4,6.8,9.1,5.9,11.3,9.9,59.6,7.5,6.9,5.5,12.2,4.5,3.9,18.0
HM,2020-09-07,4.1,11.6,2.5,7.6,5.7,11.0,10.1,57.1,7.7,7.4,5.4,11.3,3.7,3.1,19.5
HM,2020-09-14,1.8,7.8,3.8,4.9,8.6,6.0,6.9,55.1,6.7,4.3,3.9,9.6,3.5,3.6,14.9
HM,2020-09-21,6.6,14.4,5.5,13.0,9.1,11.8,12.0,61.0,10.5,5.7,5.9,14.7,6.2,4.3,18.8
HM,2020-09-28,4.0,12.5,5.7,9.7,6.6,12.0,12.3,61.1,9.0,7.9,6.9,13.9,3.4,2.9,20.6
HM,2020-10-05,4.3,13.4,6.9,10.3,8.9,10.4,14.4,61.4,11.5,8.5,5.2,11.6,3.1,3.3,19.3
HM,2020-10-12,4.7,14.5,9.8,9.1,5.3,9.6,10.5,58.4,9.0,7.6,6.1,12.0,4.1,4.6,19.0
HM,2020-10-19,4.2,16.1,4.9,11.3,9.9,10.5,13.1,61.9,10.9,6.8,6.2,13.3,4.5,5.2,18.4
HM,2020-10-26,3.1,13.1,8.4,9.4,7.4,10.4,11.5,58.2,7.5,7.1,5.3,13.0,4.7,3.6,17.5
HM,2020-11-02,4.7,13.0,7.7,12.4,4.6,10.9,10.7,60.6,11.4,8.1,7.0,12.8,4.8,4.9,16.4
HM,2020-11-09,4.5,13.8,4.8,9.0,9.3,8.1,10.4,59.5,10.4,7.3,5.3,10.4,3.6,3.3,15.7
HM,2020-11-16,7.5,14.5,8.8,12.9,11.6,11.9,13.0,62.5,10.7,8.2,7.2,15.9,5.1,6.7,18.6
HM,2020-11-23,6.8,15.1,8.3,11.0,9.7,10.5,12.4,59.6,9.8,7.8,3.8,12.7,3.1,4.3,17.7
HM,2020-11-30,2.7,13.7,4.9,11.1,6.8,10.8,10.2,61.2,8.4,7.3,5.2,11.6,2.4,4.3,15.6
HM,2020-12-07,5.6,16.2,9.5,11.2,12.6,11.0,10.8,61.3,8.8,6.8,7.1,13.9,4.7,3.6,19.1
HM,2020-12-14,6.5,11.2,5.9,9.6,10.2,9.7,8.8,60.1,10.8,8.1,7.3,12.6,4.2,4.6,17.4
HM,2020-12-21,5.2,11.4,6.6,10.6,7.0,10.5,10.5,56.0,9.7,7.6,5.5,12.7,4.9,3.3,17.0
HM,2020-12-28,3.4,12.2,6.5,11.4,7.3,11.4,10.5,57.3,10.0,6.0,6.2,13.2,4.9,4.4,17.4
HM,2021-01-04,6.0,16.7,10.2,8.6,9.2,11.3,13.1,61.6,9.8,6.0,5.2,12.7,4.3,5.5,16.8
HM,2021-01-11,5.7,14.1,9.0,12.1,9.5,10.9,12.6,61.3,9.8,7.7,5.6,13.5,3.5,3.8,18.2
HM,2021-01-18,5.3,13.6,10.2,12.5,10.9,10.7,10.6,64.3,7.9,6.3,5.7,12.4,4.1,5.4,17.5
HM,2021-01-25,7.3,12.5,8.5,8.3,7.4,9.3,9.7,62.2,10.5,5.3,6.3,10.8,3.4,3.5,18.0
HM,2021-02-01,3.7,15.4,9.4,13.0,9.5,13.5,13.1,59.9,8.5,5.9,6.4,14.1,5.8,5.2,18.4
HM,2021-02-08,3.7,14.6,8.3,13.8,9.0,11.4,10.7,62.8,9.4,5.9,5.7,11.1,1.6,3.8,21.2
HM,2021-02-15,5.9,13.8,3.8,10.6,6.0,8.4,9.7,56.6,10.5,5.7,4.6,12.2,2.8,3.6,16.1
HM,2021-02-22,4.6,10.2,5.8,8.7,7.4,9.8,9.7,62.6,9.8,7.2,4.9,11.7,4.2,4.6,16.0
Nike,2019-07-01,1.2,25.6,33.6,9.4,19.0,26.5,17.9,90.1,37.5,31.5,29.3,31.1,14.6,14.1,40.4
Nike,2019-07-08,-3.2,19.3,28.8,5.1,11.7,24.4,12.7,91.8,41.9,32.6,30.9,31.4,16.1,17.3,41.7
Nike,2019-07-15,2.5,18.1,25.8,7.7,11.5,25.4,13.1,92.4,41.7,34.7,29.5,29.2,13.3,15.7,39.0
Nike,2019-07-22,0.3,15.0,25.1,3.8,7.4,19.3,9.9,89.5,35.2,28.3,23.0,25.3,8.5,10.8,40.5
Nike,2019-07-29,3.4,19.2,30.2,7.6,12.2,21.9,13.1,90.7,33.0,29.6,24.2,28.4,12.7,12.4,42.6
Nike,2019-08-05,10.7,25.0,33.7,12.3,14.9,27.8,17.8,93.2,36.3,33.2,26.2,30.5,12.9,14.4,40.3
Nike,2019-08-12,10.2,21.8,36.8,9.9,14.9,28.2,16.3,94.4,37.9,36.3,27.1,35.1,16.6,18.6,41.5
Nike,2019-08-19,5.8,21.3,31.3,4.4,16.8,23.0,14.5,92.0,30.7,31.6,20.3,34.5,11.7,14.8,40.2
Nike,2019-08-26,7.0,27.0,32.4,6.7,18.3,25.2,18.6,89.6,26.5,31.2,18.4,30.3,13.1,15.0,40.2
Nike,2019-09-02,13.4,24.1,35.0,9.8,18.4,26.4,20.4,90.0,29.2,31.7,20.5,24.3,10.6,13.9,41.2
Nike,2019-09-09,8.4,21.9,33.3,7.7,15.9,24.2,17.4,92.2,26.2,30.9,18.5,28.2,10.6,12.9,40.1
Nike,2019-09-16,4.8,25.3,38.4,12.2,16.7,25.0,20.6,89.4,27.4,27.3,17.8,30.0,13.6,13.8,40.3
Nike,2019-09-23,10.3,22.9,33.3,8.0,16.9,24.6,14.4,89.1,31.3,25.6,21.9,26.7,10.7,14.6,37.0
Nike,2019-09-30,9.8,20.2,32.9,7.1,15.3,24.4,15.9,88.5,25.9,25.1,17.4,28.0,13.4,12.8,38.4
Nike,2019-10-07,4.8,27.6,35.0,13.2,18.6,26.0,20.0,90.7,25.4,28.0,20.1,27.5,10.7,13.7,40.3
Nike,2019-10-14,11.7,32.2,38.9,15.6,19.9,33.0,22.3,90.9,26.4,27.7,21.2,34.3,14.8,14.3,43.8
Nike,2019-10-21,10.3,23.3,34.7,16.8,17.5,25.9,20.2,91.2,29.8,31.3,22.6,30.7,14.2,16.4,40.0
Nike,2019-10-28,9.7,21.8,35.5,9.9,19.4,23.3,18.2,89.6,30.7,31.4,20.4,29.1,13.2,15.7,39.2
Nike,2019-11-04,14.5,33.2,42.0,19.9,23.7,33.8,28.9,93.5,28.5,30.2,22.3,35.1,16.2,16.3,42.5
Nike,2019-11-11,13.9,29.6,35.7,13.5,22.2,27.8,24.4,92.1,35.6,31.1,19.4,33.1,14.1,17.7,40.9
Nike,2019-11-18,8.0,28.4,34.7,9.8,22.3,31.2,19.4,92.6,27.7,29.7,22.2,32.7,13.4,13.8,45.7
Nike,2019-11-25,5.4,22.6,34.4,10.1,18.3,23.3,17.4,91.9,25.7,31.2,19.7,31.4,14.2,11.7,43.3
Nike,2019-12-02,11.8,31.2,36.1,15.4,19.4,30.2,25.9,94.8,30.6,32.2,20.6,34.9,13.9,16.7,43.3
Nike,2019-12-09,4.2,21.6,32.7,8.1,13.0,20.4,15.0,91.7,24.6,26.3,16.9,25.5,10.2,9.4,45.0
Nike,2019-12-16,9.4,20.5,29.6,6.0,14.6,25.0,16.0,90.7,30.0,27.9,18.9,26.4,9.8,13.7,38.8
Nike,2019-12-23,6.7,18.4,31.2,6.3,13.0,22.2,15.3,92.9,30.5,29.9,20.5,28.1,12.5,12.6,38.4
Nike,2019-12-30,8.6,24.1,27.2,5.9,14.6,21.3,11.1,90.9,26.8,25.7,13.5,27.3,9.1,12.6,37.6
Nike,2020-00,11.9,21.5,30.4,8.8,19.4,22.2,15.0,89.8,26.9,26.5,21.5,29.0,14.8,11.6,38.3
Nike,2020-01-06,7.2,21.2,26.5,7.3,14.3,27.0,16.9,91.4,26.5,28.4,20.1,30.7,12.9,13.5,39.6
Nike,2020-01-13,5.6,25.3,31.5,8.1,16.4,25.3,17.2,92.9,23.4,24.7,16.0,32.0,12.7,11.4,42.3
Nike,2020-01-20,12.1,25.2,32.1,6.4,13.1,28.0,18.1,92.9,30.8,30.2,19.4,31.7,13.6,13.4,45.1
Nike,2020-01-27,12.8,29.6,33.8,10.0,20.6,29.2,23.0,92.1,32.9,33.5,22.0,33.7,15.5,14.4,43.4
Nike,2020-02-03,9.0,32.1,37.6,12.6,24.0,31.8,26.4,90.2,28.3,29.2,18.4,29.3,11.5,12.1,43.4
Nike,2020-02-10,11.0,32.0,38.8,14.7,23.4,28.9,23.6,91.9,26.5,28.6,20.4,31.7,13.2,14.6,42.3
Nike,2020-02-17,9.2,28.5,38.6,11.3,21.9,24.4,20.3,93.7,29.4,31.7,17.8,32.8,13.0,12.1,46.1
Nike,2020-02-24,13.4,32.0,39.0,15.8,19.0,27.5,22.0,93.3,26.3,28.2,17.0,33.0,14.3,11.3,44.8
Nike,2020-03-02,9.9,30.3,37.5,13.0,19.3,32.0,26.0,91.6,29.1,28.3,22.9,35.8,17.9,16.4,41.4
Nike,2020-03-09,15.8,35.5,43.2,20.1,23.4,32.5,27.6,90.6,27.7,29.7,16.9,35.2,15.1,14.9,43.9
Nike,2020-03-16,14.9,34.7,39.5,15.9,27.8,31.2,26.9,91.0,27.0,28.4,18.4,32.9,14.9,13.3,42.6
Nike,2020-03-23,9.8,26.4,34.1,11.7,21.8,27.8,21.0,92.5,24.2,23.7,14.8,29.1,13.0,10.5,47.0
Nike,2020-03-30,13.0,36.5,39.5,18.2,27.0,32.1,26.1,92.1,23.2,25.4,16.6,32.3,13.8,11.0,46.3
Nike,2020-04-06,9.7,29.6,39.1,15.6,21.7,25.0,24.6,90.5,18.2,18.5,13.2,29.0,13.1,8.9,41.2
Nike,2020-04-13,11.2,32.0,36.3,14.8,22.8,28.1,23.1,90.9,22.4,26.3,15.6,34.6,14.8,15.7,38.9
Nike,2020-04-20,11.3,25.3,32.5,10.2,18.8,29.4,19.6,90.5,19.9,21.1,11.1,27.6,11.0,8.4,46.2
Nike,2020-04-27,10.0,24.1,29.5,7.7,15.1,23.3,15.9,90.7,23.0,21.2,15.4,29.4,12.8,9.5,45.0
Nike,2020-05-04,12.0,32.4,37.4,9.4,22.8,29.3,22.3,92.5,23.7,22.3,17.7,30.6,14.2,11.3,47.9
Nike,2020-05-11,14.7,31.9,37.4,13.3,25.5,27.0,24.0,91.9,23.3,22.7,18.8,30.3,14.7,10.5,41.7
Nike,2020-05-18,10.2,30.2,39.1,11.8,24.4,34.2,21.6,91.4,24.5,23.8,17.8,30.8,12.2,8.2,49.1
Nike,2020-05-25,9.7,32.0,38.2,14.5,25.7,30.6,25.8,90.5,20.8,22.7,16.3,29.5,13.4,9.3,44.6
Nike,2020-06-01,10.0,27.5,35.6,13.0,20.4,21.9,18.8,91.4,22.6,19.3,16.2,27.0,13.1,10.4,40.8
Nike,2020-06-08,11.0,29.6,37.1,15.3,21.5,30.9,22.4,91.8,25.7,26.0,19.7,34.0,14.5,13.7,43.7
Nike,2020-06-15,13.0,29.7,39.9,16.9,23.4,28.5,26.2,91.7,26.0,25.1,17.1,33.9,11.1,8.5,48.6
Nike,2020-06-22,5.1,26.7,31.5,8.2,18.4,25.8,20.6,91.2,23.3,21.4,16.8,29.1,12.8,10.1,45.0
Nike,2020-06-29,10.1,28.0,33.5,16.1,20.6,27.1,22.4,90.7,26.4,23.3,18.2,29.8,11.8,11.6,40.5
Nike,2020-07-06,15.2,33.0,39.2,15.7,23.1,33.8,30.3,92.7,32.4,28.4,24.5,37.0,18.2,16.8,42.2
Nike,2020-07-13,10.1,27.6,34.1,10.7,17.7,26.4,21.1,92.3,27.2,22.5,19.3,28.9,12.2,12.9,43.0
Nike,2020-07-20,4.5,25.5,32.7,8.0,16.5,23.8,21.7,92.3,27.2,23.6,18.0,29.3,14.2,11.6,41.5
Nike,2020-07-27,6.1,23.5,31.8,10.4,16.4,25.9,20.1,89.6,25.8,25.4,17.6,29.2,12.6,9.6,43.3
Nike,2020-08-03,2.4,24.4,32.2,13.2,16.9,25.4,20.2,90.0,25.9,23.6,17.7,31.4,15.0,12.6,44.3
Nike,2020-08-10,4.8,19.9,33.4,7.1,17.5,23.6,15.9,93.3,23.9,25.0,20.8,30.1,13.0,11.7,46.6
Nike,2020-08-17,8.3,27.2,35.9,11.3,19.8,27.0,19.2,92.3,23.4,24.9,20.1,31.6,14.0,12.1,42.8
Nike,2020-08-24,10.7,28.8,33.3,14.4,20.7,31.3,22.9,91.6,27.4,27.4,19.6,32.6,14.8,13.6,44.0
Nike,2020-08-31,3.7,27.6,35.4,8.3,15.8,26.9,20.4,94.4,27.2,23.5,19.9,29.4,14.8,9.8,47.9
Nike,2020-09-07,6.9,24.3,31.0,7.8,17.4,25.1,17.0,89.8,27.6,28.0,17.7,27.8,12.5,11.9,39.8
Nike,2020-09-14,6.9,26.2,38.1,8.2,18.7,27.1,20.5,94.0,27.6,27.2,17.6,31.1,13.9,12.9,44.6
Nike,2020-09-21,7.6,24.5,30.4,4.0,16.7,26.2,11.8,95.1,33.0,28.7,21.4,27.3,11.5,13.8,41.7
Nike,2020-09-28,13.7,33.3,40.4,16.2,20.3,31.0,26.0,92.6,28.1,27.5,21.1,30.8,12.8,13.8,44.0
Nike,2020-10-05,15.6,32.6,42.7,14.8,25.4,26.8,24.3,89.8,33.7,31.9,21.9,33.5,14.0,11.8,42.3
Nike,2020-10-12,17.5,37.4,44.5,20.0,28.6,34.2,30.6,91.8,30.6,33.8,23.1,34.0,19.7,16.3,40.8
Nike,2020-10-19,15.3,34.0,39.4,12.6,24.5,28.8,25.8,93.1,30.1,31.7,25.1,35.8,16.1,18.1,40.1
Nike,2020-10-26,11.4,32.8,40.0,14.9,22.7,25.6,20.6,92.1,24.3,25.9,18.5,31.2,13.4,13.8,39.5
Nike,2020-11-02,15.8,35.5,41.8,16.2,23.5,31.4,25.6,91.2,28.6,26.2,21.7,33.3,13.8,16.0,44.0
Nike,2020-11-09,14.2,33.0,36.7,13.3,18.6,32.5,27.2,92.4,27.1,27.2,17.6,28.7,12.5,13.1,46.4
Nike,2020-11-16,14.0,31.0,38.1,15.3,23.2,34.5,23.4,93.0,23.7,26.2,18.3,33.2,13.1,10.9,46.2
Nike,2020-11-23,12.6,30.0,37.3,12.4,24.8,29.0,24.6,94.4,24.3,28.3,20.0,33.4,16.1,13.0,43.0
Nike,2020-11-30,13.5,32.1,42.3,15.4,26.5,31.0,26.3,94.2,26.5,27.4,18.3,30.5,13.2,12.4,49.1
Nike,2020-12-07,10.4,28.6,39.4,15.9,23.1,29.6,25.3,94.1,27.5,25.0,18.1,35.2,16.4,12.9,47.1
Nike,2020-12-14,12.7,34.9,39.7,18.9,26.6,32.2,30.1,91.3,27.1,27.4,20.4,34.2,14.6,13.0,44.4
Nike,2020-12-21,11.7,30.8,36.6,14.9,21.0,27.8,28.2,93.0,23.8,26.9,18.2,32.7,13.9,15.1,38.3
Nike,2020-12-28,15.2,29.5,37.0,15.3,24.4,27.7,22.6,92.9,26.2,25.9,21.4,30.8,13.5,13.3,44.7
Nike,2021-01-04,17.4,32.3,38.1,11.6,22.7,28.5,22.9,92.2,26.6,30.3,18.8,31.1,12.6,13.9,42.5
Nike,2021-01-11,17.6,36.3,40.5,17.1,28.8,28.2,28.7,92.3,33.6,31.6,20.9,35.4,15.8,17.0,41.2
Nike,2021-01-18,16.3,30.7,41.8,12.9,23.8,31.7,25.0,90.6,28.0,28.1,20.6,31.5,13.6,17.3,38.5
Nike,2021-01-25,8.3,32.6,39.6,20.2,26.2,29.4,29.9,90.6,22.5,23.4,16.1,32.8,12.3,9.4,44.3
Nike,2021-02-01,13.4,33.3,38.2,13.3,20.5,30.2,23.6,93.9,25.3,26.4,14.8,32.6,12.9,11.9,47.3
Nike,2021-02-08,8.2,28.5,35.9,11.8,20.7,28.0,24.0,92.7,27.6,29.5,18.0,34.2,14.9,13.4,45.7
Nike,2021-02-15,14.0,35.7,38.9,17.1,26.1,35.8,25.4,93.1,26.0,26.5,17.9,35.8,14.9,16.2,45.9
Nike,2021-02-22,17.4,34.4,37.6,15.9,24.3,26.1,25.9,95.2,30.8,28.3,21.5,30.5,10.7,13.4,45.8
Starbucks,2019-07-01,4.3,13.3,22.1,-15.9,3.9,17.1,7.6,86.6,24.7,20.3,20.9,23.9,8.6,20.1,36.8
Starbucks,2019-07-08,-3.1,8.8,22.2,-19.3,2.8,15.1,3.9,91.0,34.4,25.8,26.2,24.7,11.1,18.9,42.4
Starbucks,2019-07-15,1.5,10.9,22.0,-18.1,8.1,16.9,6.8,89.9,31.4,21.1,24.5,26.3,14.1,21.6,35.6
Starbucks,2019-07-22,7.1,13.4,25.1,-14.9,11.4,20.2,6.2,85.6,24.7,21.0,21.0,26.8,13.1,20.6,37.6
Starbucks,2019-07-29,7.3,14.2,22.0,-14.8,10.3,19.1,7.8,87.5,24.9,20.8,21.9,26.2,12.5,19.2,37.6
Starbucks,2019-08-05,6.5,15.1,23.1,-15.7,6.7,19.2,9.7,89.3,29.5,21.7,21.8,27.5,16.4,18.0,43.3
Starbucks,2019-08-12,5.8,15.1,23.0,-14.2,12.7,20.0,10.2,87.4,27.1,25.3,22.2,27.1,12.5,20.8,36.8
Starbucks,2019-08-19,8.8,11.5,25.9,-15.8,9.1,19.2,7.2,90.7,31.6,25.9,25.1,28.9,12.6,22.4,39.3
Starbucks,2019-08-26,6.6,15.1,25.5,-15.5,9.3,21.4,9.8,88.1,24.8,25.9,24.8,29.8,17.4,23.4,38.6
Starbucks,2019-09-02,9.7,20.3,28.3,-12.7,9.4,23.1,13.7,87.7,27.9,24.5,27.2,28.0,14.3,22.0,37.9
Starbucks,2019-09-09,9.6,22.2,34.2,-10.9,14.3,27.0,16.3,89.3,27.2,28.6,25.5,30.1,14.5,26.6,36.7
Starbucks,2019-09-16,6.0,12.9,24.3,-10.6,13.5,16.1,9.8,87.8,27.6,25.4,21.5,28.5,13.6,20.5,37.9
Starbucks,2019-09-23,9.3,14.4,25.2,-12.2,12.5,18.9,10.0,87.1,25.7,23.5,22.4,27.3,12.0,22.2,37.5
Starbucks,2019-09-30,8.4,18.7,28.4,-12.0,13.6,20.0,14.0,86.4,26.4,21.6,23.5,24.4,12.5,21.3,37.5
Starbucks,2019-10-07,9.9,16.3,22.1,-13.3,9.3,18.3,11.2,86.9,26.5,25.7,21.1,26.0,13.9,19.9,36.5
Starbucks,2019-10-14,7.1,12.5,23.4,-14.8,9.2,20.9,8.7,86.8,25.0,23.6,22.2,27.2,13.1,20.8,37.4
Starbucks,2019-10-21,11.3,17.2,30.0,-10.0,15.0,20.4,16.9,87.1,30.5,26.3,24.3,28.3,14.2,23.3,38.4
Starbucks,2019-10-28,10.1,16.6,26.1,-12.8,14.0,20.5,11.3,88.0,24.3,25.1,19.6,30.8,14.0,22.9,39.0
Starbucks,2019-11-04,13.5,16.2,24.3,-10.1,14.3,17.4,14.8,88.5,29.7,27.4,22.4,28.9,15.9,20.7,35.4
Starbucks,2019-11-11,10.5,15.3,25.0,-17.1,10.0,17.4,7.4,90.2,27.8,29.6,22.7,27.0,13.9,20.5,40.5
Starbucks,2019-11-18,13.0,19.4,26.0,-7.7,16.1,22.5,14.7,88.9,28.3,28.9,27.4,30.0,16.2,24.0,36.5
Starbucks,2019-11-25,10.1,21.4,28.1,-11.9,12.7,23.9,18.8,88.6,29.1,25.7,23.1,29.8,15.8,24.9,37.1
Starbucks,2019-12-02,6.2,17.6,21.6,-15.8,7.6,18.9,5.8,90.2,31.0,30.4,25.0,26.7,12.7,21.6,41.0
Starbucks,2019-12-09,15.1,18.6,26.6,-8.2,14.8,21.7,16.9,88.7,30.3,33.6,27.8,28.7,15.7,24.8,34.4
Starbucks,2019-12-16,9.5,12.4,23.9,-14.7,7.6,22.3,10.6,92.1,29.8,25.8,24.8,27.6,14.2,20.5,39.7
Starbucks,2019-12-23,7.5,20.0,25.5,-12.0,12.6,21.3,13.2,88.1,29.6,28.3,25.2,28.8,15.4,26.1,35.0
Starbucks,2019-12-30,3.8,14.7,20.9,-23.4,12.2,21.5,11.7,90.4,31.9,27.7,29.1,28.7,14.9,21.0,39.6
Starbucks,2020-00,6.9,19.2,28.4,-20.5,11.6,23.4,12.7,91.4,25.4,26.0,25.0,31.8,16.4,26.7,36.2
Starbucks,2020-01-06,8.4,10.7,21.8,-15.3,7.5,15.5,5.8,87.3,26.0,25.9,24.6,24.2,13.9,20.8,38.0
Starbucks,2020-01-13,8.6,16.0,23.0,-12.0,10.5,21.1,9.8,91.4,28.2,26.6,23.4,28.9,14.1,22.7,37.6
Starbucks,2020-01-20,10.2,16.8,27.5,-15.7,16.3,23.0,10.6,90.7,25.6,26.0,27.0,31.9,16.3,24.9,37.2
Starbucks,2020-01-27,12.1,18.3,27.0,-14.2,13.3,20.3,10.9,88.9,27.3,21.8,25.0,28.7,15.8,21.6,39.8
Starbucks,2020-02-03,11.8,19.9,25.9,-14.8,13.5,25.3,14.1,91.2,28.4,26.3,24.2,29.2,14.4,24.0,35.8
Starbucks,2020-02-10,10.7,20.6,29.7,-15.7,12.2,24.4,15.9,93.0,28.9,26.5,25.1,30.0,14.3,23.0,41.7
Starbucks,2020-02-17,6.9,16.8,22.4,-11.2,12.8,22.8,14.3,88.5,29.2,22.9,23.1,31.1,14.6,22.4,37.4
Starbucks,2020-02-24,11.9,23.8,27.9,-9.4,16.3,25.5,16.2,89.5,28.3,22.2,26.5,29.4,14.9,22.6,39.4
Starbucks,2020-03-02,9.8,21.0,28.3,-12.9,16.4,20.4,13.5,90.1,25.4,23.8,22.5,26.8,12.4,21.8,40.2
Starbucks,2020-03-09,9.5,17.8,25.4,-14.0,12.1,16.4,10.6,90.2,28.0,25.0,22.4,26.6,14.2,19.8,41.6
Starbucks,2020-03-16,14.2,22.2,28.4,-12.7,12.4,27.3,11.7,89.0,27.8,24.4,22.7,26.8,13.0,21.2,37.9
Starbucks,2020-03-23,12.1,21.6,27.9,-15.6,12.5,23.9,13.0,91.1,30.7,24.1,24.3,27.5,14.6,19.9,42.3
Starbucks,2020-03-30,8.8,16.4,28.8,-12.5,13.9,18.4,9.8,88.9,21.8,16.8,17.5,22.2,9.9,13.0,43.7
Starbucks,2020-04-06,10.2,19.6,27.2,-12.5,17.5,22.5,15.5,92.6,24.4,18.0,18.4,22.7,10.3,16.4,41.8
Starbucks,2020-04-13,9.0,19.2,28.3,-10.2,16.4,22.0,12.6,90.6,24.7,18.4,19.4,25.7,13.7,12.9,47.6
Starbucks,2020-04-20,5.5,18.9,23.1,-12.0,11.3,18.8,10.5,88.7,23.5,14.8,18.2,25.6,11.9,12.8,48.5
Starbucks,2020-04-27,9.6,15.6,27.0,-11.8,14.3,20.3,10.5,88.3,25.0,17.7,18.3,24.0,12.0,12.5,47.0
Starbucks,2020-05-04,9.0,14.4,24.7,-10.3,11.3,20.5,8.3,89.6,22.8,18.3,18.1,22.2,11.1,10.9,46.4
Starbucks,2020-05-11,8.3,18.0,25.1,-12.0,9.8,23.2,10.8,90.3,21.9,18.8,18.7,24.9,11.2,12.3,48.0
Starbucks,2020-05-18,6.9,16.4,22.9,-11.2,11.5,21.7,10.7,88.4,23.3,17.3,15.9,23.1,11.2,11.9,47.3
Starbucks,2020-05-25,11.4,17.1,24.9,-10.2,15.0,18.0,11.5,87.8,24.1,23.3,24.3,24.9,10.8,11.9,45.9
Starbucks,2020-06-01,4.2,15.1,21.2,-13.6,8.6,21.3,8.8,86.9,23.9,20.0,19.0,22.8,11.9,14.7,40.8
Starbucks,2020-06-08,2.8,8.0,19.5,-13.3,4.6,16.4,3.2,89.8,26.5,21.3,18.3,22.6,11.0,13.4,46.0
Starbucks,2020-06-15,0.3,10.5,21.6,-15.6,1.7,16.1,5.9,87.7,30.6,21.6,24.0,20.2,10.0,14.3,43.5
Starbucks,2020-06-22,9.2,12.2,23.2,-12.0,7.0,19.3,8.1,89.6,31.0,27.7,22.0,26.4,12.5,17.6,40.0
Starbucks,2020-06-29,8.0,10.9,24.5,-13.0,8.4,19.8,9.6,89.0,29.6,21.7,21.5,26.0,13.4,16.5,43.5
Starbucks,2020-07-06,6.3,13.2,24.6,-10.0,11.1,22.0,11.2,88.9,27.3,22.6,22.9,24.2,11.6,16.5,41.5
Starbucks,2020-07-13,3.6,12.8,25.3,-11.8,10.2,18.5,9.5,89.1,27.4,23.9,20.8,25.5,10.6,15.8,42.8
Starbucks,2020-07-20,1.1,10.1,17.3,-19.9,3.3,12.4,2.0,88.5,25.7,20.7,18.3,20.3,9.5,13.2,47.6
Starbucks,2020-07-27,5.2,14.1,22.1,-10.9,7.2,15.3,8.1,92.6,27.0,21.6,20.5,26.1,13.2,17.0,43.7
Starbucks,2020-08-03,0.1,15.5,22.3,-13.1,10.6,21.0,8.5,91.5,24.9,22.1,17.4,26.6,12.4,16.5,44.2
Starbucks,2020-08-10,5.8,14.4,22.5,-14.6,9.5,18.2,7.9,87.3,26.5,24.0,22.3,25.2,11.2,16.8,40.9
Starbucks,2020-08-17,4.0,10.5,23.2,-18.2,8.9,18.1,9.2,91.0,26.5,22.6,19.3,25.5,11.2,14.6,45.3
Starbucks,2020-08-24,3.3,8.2,19.0,-20.9,5.6,13.4,0.6,89.8,22.8,22.4,18.2,24.9,11.3,16.6,45.7
Starbucks,2020-08-31,6.2,19.2,25.7,-11.7,9.3,19.1,11.3,89.1,24.3,21.6,20.9,26.6,12.4,15.5,41.2
Starbucks,2020-09-07,7.1,15.9,26.2,-16.6,11.5,23.8,9.7,91.9,30.7,24.9,24.0,27.1,14.2,18.7,45.6
Starbucks,2020-09-14,10.4,18.0,26.6,-17.0,11.4,24.0,13.4,90.9,28.4,24.6,22.9,28.3,12.6,20.6,41.4
Starbucks,2020-09-21,11.2,14.3,25.0,-16.3,10.8,23.4,11.4,89.4,25.8,23.6,21.2,26.1,11.7,16.5,44.1
Starbucks,2020-09-28,9.1,16.7,28.8,-12.5,12.7,19.9,9.3,92.3,26.1,24.3,23.6,26.5,12.8,18.1,44.4
Starbucks,2020-10-05,14.6,21.8,26.9,-15.6,14.3,24.3,16.1,91.6,33.1,26.9,24.6,31.4,15.7,22.5,38.6
Starbucks,2020-10-12,14.8,18.9,28.2,-11.8,14.7,24.0,14.7,90.1,28.0,25.8,21.3,28.6,17.4,19.3,43.9
Starbucks,2020-10-19,15.9,22.1,31.6,-9.6,13.4,28.0,20.3,91.4,33.1,27.7,25.8,30.9,16.3,23.1,39.1
Starbucks,2020-10-26,13.2,18.2,27.8,-15.1,9.7,23.6,15.8,88.6,28.8,25.1,26.6,28.8,14.1,20.9,41.2
Starbucks,2020-11-02,8.3,16.4,27.5,-10.3,14.6,20.3,12.3,89.1,26.8,20.8,19.2,25.8,13.8,17.7,42.2
Starbucks,2020-11-09,10.3,20.0,28.1,-10.7,13.2,16.9,14.9,89.0,25.7,23.8,22.8,26.0,11.3,17.4,43.6
Starbucks,2020-11-16,10.3,16.9,26.5,-12.4,13.3,20.0,11.8,90.6,26.2,26.8,21.5,23.7,12.6,19.0,43.0
Starbucks,2020-11-23,9.9,16.1,25.1,-18.6,8.2,21.8,9.3,89.3,26.9,25.1,21.7,27.9,17.0,20.5,42.7
Starbucks,2020-11-30,13.2,22.9,29.2,-9.5,20.8,28.0,18.8,91.3,29.2,29.2,26.1,32.2,16.7,22.6,41.8
Starbucks,2020-12-07,12.8,12.9,21.8,-16.7,9.4,21.0,10.7,92.1,29.8,26.6,22.4,26.9,11.5,18.2,45.2
Starbucks,2020-12-14,9.9,19.5,28.6,-11.2,12.1,23.7,13.4,91.7,28.3,30.2,26.5,29.4,16.1,21.4,45.0
Starbucks,2020-12-21,12.8,17.4,27.8,-14.4,12.4,22.7,12.4,92.0,26.6,24.6,24.7,25.6,13.7,20.3,41.3
Starbucks,2020-12-28,10.9,22.7,31.6,-17.6,12.7,23.6,13.4,91.4,26.3,27.7,23.1,27.3,13.7,19.4,41.0
Starbucks,2021-01-04,7.3,15.5,23.4,-20.2,10.0,18.3,8.9,90.8,25.6,25.1,23.7,26.1,13.3,18.5,44.6
Starbucks,2021-01-11,15.2,19.9,29.8,-11.6,15.1,25.0,17.7,92.1,29.5,24.9,25.2,29.8,15.3,23.7,38.6
Starbucks,2021-01-18,13.1,23.7,29.2,-11.9,17.5,22.7,15.6,89.0,26.0,23.6,19.4,28.9,14.4,15.9,45.0
Starbucks,2021-01-25,13.3,19.9,28.5,-10.6,15.5,25.0,15.3,90.5,29.4,27.2,21.8,25.0,13.5,20.6,40.1
Starbucks,2021-02-01,12.7,22.9,29.8,-9.1,18.4,21.6,19.6,88.3,30.2,25.0,23.2,30.5,15.1,21.0,41.0
Starbucks,2021-02-08,8.9,16.3,23.7,-19.8,12.8,14.4,10.0,90.6,25.5,24.7,18.1,24.7,12.8,18.9,42.7
Starbucks,2021-02-15,11.2,17.2,27.8,-13.1,10.7,23.4,11.8,89.9,26.5,21.9,22.1,27.5,12.6,18.4,41.3
Starbucks,2021-02-22,13.5,23.9,27.4,-9.9,16.0,25.0,14.2,90.7,27.1,23.8,23.4,28.1,15.6,21.3,41.6
